{
    "generalComments1": "This file contains all NPCs, with fields to define their interactions, behaviors, and other properties in the game.",
    "generalComments2": "usedOn.useTogetherLocation can be a screenId or an object/npc if two elements can be used together anywhere, but they must both point to each other for this to work.",
    "generalComments3": "questPhase is the current phase ie if it is 0 you can give the monkey a banana for a battery if it is 1 you cannot but may be able to do something else",
    "generalComments4": "dialoguePhase is the current dialogue phase ie if it is 0 and you talk to the monkey, you will hear that the monkey is hungry, then 1 will be here take the battery, and 2 just chatter",

    "npcs": {
        "npcMonkeyDEBUG": {
            "name": {
                "en": "Monkey",
                "es": "Mono",
                "de": "Affe",
                "it": "Scimmia",
                "fr": "Singe"
            },
            "interactable": {
                "canTalk": true,
                "dialoguePhase": 0,
                "questPhase": 0,
                "questCutOffNumber": 2,
                "canUseWith": false,
                "dialogueColor":  "rgb(0, 255, 255)"
            },
            "usedOn": {
                "useTogetherLocation": "objectBananaDEBUG"
            },
            "behavior": {
                "movesAround": false,
                "patrolPath": ""
            },
            "npcPlacementLocation": "debugRoom",
            "activeSpriteUrl": "s1",
            "spriteUrl": {
                "s1": "./resources/npcs/monkey.png",
                "s2": "./resources/npcs/monkey.png"
            },
            "gridPosition": {
                "x": 20,
                "y": 30
            },
            "offset": {
                "x": 0,
                "y": 0
            },
            "visualPosition": {
                "x": 0,
                "y": 0
            },
            "dimensions": {
                "width": 50,
                "height": 50
            },
            "comment": "When objectBananaDEBUG is used or given to Monkey, it speaks and gives player 10 objectBatteryDEBUG"
        },
        "npcLibrarian": {
            "name": {
                "en": "Librarian",
                "es": "Bibliotecaria",
                "de": "Bibliothekarin",
                "it": "Bibliotecaria",
                "fr": "Bibliothécaire"
            },
            "interactable": {
                "canHover": true,
                "canTalk": true,
                "cantTalkDialogueNumber": 0,
                "dialoguePhase": 0,
                "questPhase": 0,
                "questCutOffNumber": 2,
                "canUseWith": false,
                "dialogueColor": "rgb(255, 0, 255)"
            },
            "usedOn": {
                "useTogetherLocation": ""
            },
            "behavior": {
                "movesAround": false,
                "patrolPath": ""
            },
            "npcPlacementLocation": "libraryFoyer",
            "activeSpriteUrl": "s1",
            "spriteUrl": {
                "s1": "./resources/npcs/librarian.png",
                "s2": "./resources/npcs/librarian.png"
            },
            "gridPosition": {
                "x": 17,
                "y": 35
            },
            "offset": {
                "x": 1.7,
                "y": -0.1
            },
            "visualPosition": {
                "x": 0,
                "y": 0
            },
            "dimensions": {
                "width": 35,
                "height": 50
            },
            "comment": "Librarian"
        }
    }
}