{
    "generalComments1": "generalComments are to tell the developer about some things in this file, and are not referenced in the game logic.",
    "generalComments2": "usedOn.objectUseWith1 can be another object or the screenId that an exit leads to",
    "generalComments3": "usedOn.useTogetherLocation can be a screenId or an object/npc if two elements can be used together anywhere, but they must both point to each other for this to work.",
    "generalComments4": "Doors: alreadyUsed will map to whether or not a locked door is opened.  False, the door is locked, True, it is unlocked, and this should always match the status field in the navigation screen for the exit",
    "generalComments5": "Doors: activeStatus refers to whether the state of the door is open or closed, and does not relate to whether it is locked. true is open, false is closed",
    "generalComments6": "canHover: Can be set to false and will stop user hovering and interacting for example object in canvas but invisible until they push something or look at something etc, can make not hoverable and add a blank png and replace it when it should become visible",
    "objects": {
        "objectKeyResearchRoom": {
            "name": {
                "en": "Key",
                "es": "Llave",
                "de": "Schlüssel",
                "it": "Chiave",
                "fr": "Clé"
            },
            "interactable": {
                "canHover": false,
                "canPickUp": true,
                "canUse": false,
                "canUseWith": true, 
                "stackable": false,
                "quantity": 1,
                "decrementQuantityOnUse": false,
                "activeStatus": true,
                "alreadyUsed": false
            },
            "usedOn": {
                "objectUse": "",
                "actionUse1": "",
                "actionUse2": "",
                "objectUseWith1": "objectDoorLibraryFoyerResearchRoom",
                "actionUseWith11": "unlockResearchRoomDoor",
                "actionUseWith12": "",
                "useTogetherLocation": "libraryFoyer"
            },
            "objectPlacementLocation": "libraryFoyer",
            "activeSpriteUrl": "s1",
            "spriteUrl": {
                "s1": "./resources/objects/images/blank.png",
                "s2": "./resources/objects/images/goldKeyWorld.png"
            },
            "visualAnimatedStateOffsets": {
                "s1": {
                    "x": 0,
                    "y": 0
                },
                "s2": {
                    "x": 0,
                    "y": 0
                }
            },
            "inventoryUrl": "./resources/objects/images/goldKeyInv.png",
            "gridPosition": {
                "x": 27,
                "y": 52
            },
            "offset": {
                "x": 0,
                "y": 0
            },
            "visualPosition": {
                "x": 0,
                "y": 0
            },
            "dimensions": {
                "width": 30,
                "height": 20
            },
            "comment": "Key for unlocking door to researchRoom from libraryFoyer"
        },
        "objectPileOfBooksLibraryFoyer": {
            "name": {
                "en": "Pile of Books",
                "es": "Pila de libros",
                "de": "Stapel Bücher",
                "it": "Pila di libri",
                "fr": "Pile de livres"
            },
            "interactable": {
                "canHover": true,
                "canPickUp": false,
                "canUse": true,
                "canUseWith": false, 
                "stackable": false,
                "quantity": 1,
                "decrementQuantityOnUse": false,
                "activeStatus": true,
                "alreadyUsed": false
            },
            "usedOn": {
                "objectUse": "",
                "actionUse1": "moveBooksToGetResearchRoomKey",
                "actionUse2": "",
                "objectUseWith1": "",
                "actionUseWith11": "",
                "actionUseWith12": "",
                "useTogetherLocation": ""
            },
            "objectPlacementLocation": "libraryFoyer",
            "activeSpriteUrl": "s1",
            "spriteUrl": {
                "s1": "./resources/objects/images/blank.png",
                "s2": "./resources/objects/images/blank.png"
            },
            "visualAnimatedStateOffsets": {
                "s1": {
                    "x": 0,
                    "y": 0
                },
                "s2": {
                    "x": 0,
                    "y": 0
                }
            },
            "inventoryUrl": "./resources/objects/images/goldKeyInv.png",
            "gridPosition": {
                "x": 19,
                "y": 47
            },
            "offset": {
                "x": 0,
                "y": 0
            },
            "visualPosition": {
                "x": 0,
                "y": 0
            },
            "dimensions": {
                "width": 130,
                "height": 50
            },
            "comment": "Pile of books you use or push or pull to get the key for the research room"
        },
        "objectBatteryDEBUG": {
            "name": {
                "en": "Battery",
                "es": "Batería",
                "de": "Batterie",
                "it": "Batteria",
                "fr": "Batterie"
            },
            "interactable": {
                "canHover": true,
                "canOpen": false,
                "canPickUp": true,
                "canUse": false,
                "canUseWith": true,
                "stackable": false,
                "quantity": 1,
                "decrementQuantityOnUse": true,
                "activeStatus": true,
                "alreadyUsed": false
            },
            "usedOn": {
                "objectUse": "",
                "actionUse1": "",
                "actionUse2": "",
                "objectUseWith1": "objectMachineDEBUG",
                "actionUseWith11": "useBatteryDEBUGOnMachineDEBUG",
                "actionUseWith12": "",
                "useTogetherLocation": "debugRoom"
            },
            "objectPlacementLocation": "debugRoom",
            "activeSpriteUrl": "s1",
            "spriteUrl": {
                "s1": "./resources/objects/images/battery.png",
                "s2": "./resources/objects/images/battery.png"
            },
            "visualAnimatedStateOffsets": {
                "s1": {
                    "x": 0,
                    "y": 0
                },
                "s2": {
                    "x": 0,
                    "y": 0
                }
            },
            "inventoryUrl": "./resources/objects/images/battery.png",
            "gridPosition": {
                "x": 20,
                "y": 15
            },
            "offset": {
                "x": 0,
                "y": 0
            },
            "visualPosition": {
                "x": 0,
                "y": 0
            },
            "dimensions": {
                "width": 60,
                "height": 60
            },
            "comment": "Battery to power machineDEBUG"
        },
        "objectMachineDEBUG": {
            "name": {
                "en": "Machine",
                "es": "Máquina",
                "de": "Maschine",
                "it": "Macchina",
                "fr": "Machine"
            },
            "interactable": {
                "canHover": true,
                "canOpen": false,
                "canPickUp": false,
                "canUse": true,
                "canUseWith": false, 
                "stackable": false,
                "quantity": 1,
                "decrementQuantityOnUse": false,
                "activeStatus": false,
                "alreadyUsed": false
            },
            "usedOn": {
                "objectUse": "",
                "actionUse1": "machineDEBUGActivate",
                "actionUse2": "",
                "objectUseWith1": "",
                "actionUseWith11": "",
                "actionUseWith12": "",
                "useTogetherLocation": ""
            },
            "objectPlacementLocation": "debugRoom",
            "activeSpriteUrl": "s1",
            "spriteUrl": {
                "s1": "./resources/objects/images/machine.png",
                "s2": "./resources/objects/images/machine.png"
            },
            "visualAnimatedStateOffsets": {
                "s1": {
                    "x": 0,
                    "y": 0
                },
                "s2": {
                    "x": 0,
                    "y": 0
                }
            },
            "inventoryUrl": "",
            "gridPosition": {
                "x": 30,
                "y": 15
            },
            "offset": {
                "x": 0,
                "y": 0
            },
            "visualPosition": {
                "x": 0,
                "y": 0
            },
            "dimensions": {
                "width": 100,
                "height": 100
            },
            "comment": "If used when active, (need to use batteryDEBUG with it to activate it) then it gives player objectBananaDEBUG and then deactivates"
        },
        "objectBananaDEBUG": {
            "name": {
                "en": "Banana",
                "es": "Plátano",
                "de": "Banane",
                "it": "Banana",
                "fr": "Banane"
            },
            "interactable": {
                "canHover": true,
                "canOpen": false,
                "canPickUp": true,
                "canUse": false,
                "canUseWith": true, 
                "stackable": true,
                "quantity": 1,
                "decrementQuantityOnUse": true,
                "activeStatus": true,
                "alreadyUsed": false            
            },
            "usedOn": {
                "objectUse": "",
                "actionUse1": "",
                "actionUse2": "",
                "objectUseWith1": "npcMonkeyDEBUG",
                "actionUseWith11": "giveMonkeyBanana",
                "actionUseWith12": "",
                "useTogetherLocation": "npcMonkeyDEBUG"
            },
            "objectPlacementLocation": "debugRoom",
            "activeSpriteUrl": "s1",
            "spriteUrl": {
                "s1": "./resources/objects/images/banana.png",
                "s2": "./resources/objects/images/banana.png"
            },
            "visualAnimatedStateOffsets": {
                "s1": {
                    "x": 0,
                    "y": 0
                },
                "s2": {
                    "x": 0,
                    "y": 0
                }
            },
            "inventoryUrl": "./resources/objects/images/banana.png",
            "gridPosition": {
                "x": 40,
                "y": 15
            },
            "offset": {
                "x": 0,
                "y": 0
            },
            "visualPosition": {
                "x": 0,
                "y": 0
            },
            "dimensions": {
                "width": 50,
                "height": 70
            },
            "comment": "received from machineDEBUG, can be given to monkey npc"
        },
        "objectDoorLibraryFoyerResearchRoom": {
                "name": {
                    "en": "Wooden Door",
                    "es": "Puerta de madera",
                    "de": "Holztür",
                    "it": "Porta di legno",
                    "fr": "Porte en bois"
                },
                "interactable": {
                    "canHover": true,
                    "canOpen": true,
                    "canPickUp": false,
                    "canUse": true,
                    "canUseWith": false, 
                    "stackable": false,
                    "quantity": 1,
                    "decrementQuantityOnUse": false,
                    "activeStatus": false,
                    "alreadyUsed": false            
                },
                "usedOn": {
                    "objectUse": "",
                    "actionUse1": "openCloseGenericUnlockedDoor",
                    "actionUse2": "",
                    "objectUseWith1": "",
                    "actionUseWith11": "",
                    "actionUseWith12": "",
                    "useTogetherLocation": "libraryFoyer"
                },
                "objectPlacementLocation": "libraryFoyer",
                "activeSpriteUrl": "s1",
                "spriteUrl": {
                    "s1": "./resources/objects/images/libraryFoyer_Exit_ResearchRoomClosed.png",
                    "s2": "./resources/objects/images/libraryFoyer_Exit_ResearchRoomOpen.png"
                },
                "visualAnimatedStateOffsets": {
                    "s1": {
                        "x": 0,
                        "y": 0
                    },
                    "s2": {
                        "x": -45,
                        "y": 0
                    }
                },
                "inventoryUrl": "",
                "gridPosition": {
                    "x": 37,
                    "y": 32
                },
                "offset": {
                    "x": 0.2,
                    "y": -0.6
                },
                "visualPosition": {
                    "x": 0,
                    "y": 0
                },
                "dimensions": {
                    "width": 45,
                    "height": 72
                },
                "comment": "door from libraryFoyer to researchRoom, opened by using objectKeyResearchRoom on it"
        },
        "objectDoorLibraryFoyerMarketStreet": {
            "name": {
                "en": "Library Exit Door",
                "es": "Puerta de Salida de la Biblioteca",
                "de": "Bibliotheksausgangstür",
                "it": "Porta di Uscita della Biblioteca",
                "fr": "Porte de Sortie de la Bibliothèque"
            },
            "interactable": {
                "canHover": true,
                "canOpen": true,
                "canPickUp": false,
                "canUse": true,
                "canUseWith": false, 
                "stackable": false,
                "quantity": 1,
                "decrementQuantityOnUse": false,
                "activeStatus": false,
                "alreadyUsed": true            
            },
            "usedOn": {
                "objectUse": "",
                "actionUse1": "openCloseGenericUnlockedDoor",
                "actionUse2": "",
                "objectUseWith1": "",
                "actionUseWith11": "",
                "actionUseWith12": "",
                "useTogetherLocation": ""
            },
            "objectPlacementLocation": "libraryFoyer",
            "activeSpriteUrl": "s1",
            "spriteUrl": {
                "s1": "./resources/objects/images/libraryFoyer_Exit_MarketStreetClosed.png",
                "s2": "./resources/objects/images/libraryFoyer_Exit_MarketStreetOpen.png"
            },
            "visualAnimatedStateOffsets": {
                "s1": {
                    "x": 0,
                    "y": 0
                },
                "s2": {
                    "x": 60,
                    "y": 12
                }
            },
            "inventoryUrl": "",
            "gridPosition": {
                "x": 49,
                "y": 32
            },
            "offset": {
                "x": -0.35,
                "y": 0
            },
            "visualPosition": {
                "x": 0,
                "y": 0
            },
            "dimensions": {
                "width": 60,
                "height": 140
            },
            "comment": "door from libraryFoyer to marketStreet, can be opened and closed from the start"
        }
    }
}
