{
    "libraryFoyerDebug": {
        "en": "Library Foyer DEBUG",
        "es": "Vestíbulo de la Biblioteca DEBUG",
        "de": "Bibliotheksfoyer DEBUG",
        "it": "Foyer della Biblioteca DEBUG",
        "fr": "Foyer de la Bibliothèque DEBUG",
        "bgUrl": "./resources/backgrounds/libraryFoyer.png",
        "exits": {
            "e1": {
                "connectsTo": "researchRoom",
                "status": "open",
                "startPosition": { "x": 33, "y": 51 },
                "finalPosition": { "x": 33, "y": 51 }
            },
            "e2": {
                "connectsTo": "libraryDesk",
                "status": "open",
                "startPosition": { "x": 39, "y": 59 }, 
                "finalPosition": { "x": 39, "y": 57 }
            },
            "e3": {
                "connectsTo": "marketStreet",
                "status": "open",
                "startPosition": { "x": 38, "y": 38 },
                "finalPosition": { "x": 38, "y": 43 }
            },
            "e4": {
                "connectsTo": "debugRoom",
                "status": "open",
                "startPosition": { "x": 39, "y": 59 }, 
                "finalPosition": { "x": 39, "y": 57 }
            }
        }
    },
    "debugRoom": {
        "en": "DEBUG",
        "es": "DEBUG",
        "de": "DEBUG",
        "it": "DEBUG",
        "fr": "DEBUG",
        "bgUrl": "./resources/backgrounds/debugRoom.png",
        "exits": {
            "e1": {
                "connectsTo": "libraryFoyerDebug",
                "status": "locked",
                "startPosition": { "x": 33, "y": 51 },
                "finalPosition": { "x": 33, "y": 51 }
            }
        }
    },
    "libraryDesk": {
        "en": "Library Desk",
        "es": "Mesa de la Biblioteca",
        "de": "Bibliotheks Schreibtisch",
        "it": "Scrivania della Biblioteca",
        "fr": "Bureau de la Bibliothèque",
        "bgUrl": "./resources/backgrounds/libraryDesk.png",
        "exits": {
            "e1": {
                "connectsTo": "libraryFoyer",
                "status": "open",
                "startPosition": { "x": 29, "y": 55 },
                "finalPosition": { "x": 29, "y": 55 }
            },
            "e2": {
                "connectsTo": "libraryFoyer",
                "status": "open",
                "startPosition": { "x": 58, "y": 55 },
                "finalPosition": { "x": 58, "y": 55 }
            }
        }
    },
    "libraryFoyer": {
        "en": "Library Foyer",
        "es": "Vestíbulo de la Biblioteca",
        "de": "Bibliotheksfoyer",
        "it": "Foyer della Biblioteca",
        "fr": "Foyer de la Bibliothèque",
        "bgUrl": "./resources/backgrounds/libraryFoyer.png",
        "exits": {
            "e1": {
                "connectsTo": "researchRoom",
                "status": "locked",
                "startPosition": { "x": 34, "y": 50 },
                "finalPosition": { "x": 38, "y": 43 }
            },
            "e2": {
                "connectsTo": "marketStreet",
                "status": "open",
                "startPosition": { "x": 37, "y": 37 },
                "finalPosition": { "x": 35, "y": 48 }
            }
        }
    },
    "marketStreet": {
        "en": "Market Street",
        "es": "Calle del Mercado",
        "de": "Marktstraße",
        "it": "Via del Mercato",
        "fr": "Rue du Marché",
        "bgUrl": "./resources/backgrounds/marketStreet.png",
        "exits": {
            "e1": {
                "connectsTo": "libraryFoyer",
                "status": "open",
                "startPosition": { "x": 45, "y": 56 },
                "finalPosition": { "x": 43, "y": 48 }
            },
            "e2": {
                "connectsTo": "seedyGuyAlley",
                "status": "open",
                "startPosition": { "x": 45, "y": 58 },
                "finalPosition": { "x": 40, "y": 54 }
            },
            "e3": {
                "connectsTo": "roadIntoTown",
                "status": "open",
                "startPosition": { "x": 73, "y": 58 },
                "finalPosition": { "x": 63, "y": 52 }
            },
            "e4": {
                "connectsTo": "stables",
                "status": "open",
                "startPosition": { "x": 9, "y": 52 },
                "finalPosition": { "x": 15, "y": 53 }
            }
        }
    },
    "researchRoom": {
        "en": "Research Room",
        "es": "Sala de Investigación",
        "de": "Forschungsraum",
        "it": "Sala di Ricerca",
        "fr": "Salle de Recherche",
        "bgUrl": "./resources/backgrounds/researchRoom.png",
        "exits": {
            "e1": {
                "connectsTo": "libraryFoyer",
                "status": "open",
                "startPosition": { "x": 38, "y": 47 },
                "finalPosition": { "x": 43, "y": 48 }
            }
        }
    },
    "seedyGuyAlley": {
        "en": "Seedy Guy Alley",
        "es": "Calle del Tipo Sórdido",
        "de": "Gasse des schäbigen Mannes",
        "it": "Vicolo del Tizio Squallido",
        "fr": "Allée du Type Louche",
        "bgUrl": "./resources/backgrounds/seedyGuyAlley.png",
        "exits": {
            "e1": {
                "connectsTo": "den",
                "status": "locked",
                "startPosition": { "x": 21, "y": 50 },
                "finalPosition": { "x": 27, "y": 50 }
            },
            "e2": {
                "connectsTo": "marketStreet",
                "status": "open",
                "startPosition": { "x": 45, "y": 34 },
                "finalPosition": { "x": 45, "y": 34 }
            }
        }
    },
    "den": {
        "en": "Den",
        "es": "Guarida",
        "de": "Höhle",
        "it": "Tana",
        "fr": "Cachette",
        "bgUrl": "./resources/backgrounds/den.png",
        "exits": {
            "e1": {
                "connectsTo": "seedyGuyAlley",
                "status": "open",
                "startPosition": { "x": 34, "y": 47 },
                "finalPosition": { "x": 34, "y": 53 }
            }
        }
    },
    "house": {
        "en": "House",
        "es": "Casa",
        "de": "Haus",
        "it": "Casa",
        "fr": "Maison",
        "bgUrl": "./resources/backgrounds/house.png",
        "exits": {
            "e1": {
                "connectsTo": "insideHouse",
                "status": "open",
                "startPosition": { "x": 0, "y": 0 },
                "finalPosition": { "x": 0, "y": 0 }
            },
            "e2": {
                "connectsTo": "stables",
                "status": "open",
                "startPosition": { "x": 62, "y": 48 },
                "finalPosition": { "x": 57, "y": 50 }
            }
        }
    },
    "stables": {
        "en": "Stables",
        "es": "Establo",
        "de": "Stall",
        "it": "Stalla",
        "fr": "Écurie",
        "bgUrl": "./resources/backgrounds/stables.png",
        "exits": {
            "e1": {
                "connectsTo": "barn",
                "status": "open",
                "startPosition": { "x": 0, "y": 0 },
                "finalPosition": { "x": 0, "y": 0 }
            },
            "e2": {
                "connectsTo": "house",
                "status": "open",
                "startPosition": { "x": 63, "y": 55 },
                "finalPosition": { "x": 60, "y": 53 }
            },
            "e3": {
                "connectsTo": "marketStreet",
                "status": "open",
                "startPosition": { "x": 4, "y": 54 },
                "finalPosition": { "x": 15, "y": 52 }
            },
            "e4": {
                "connectsTo": "bigTree",
                "status": "open",
                "startPosition": { "x": 3, "y": 53 },
                "finalPosition": { "x": 13, "y": 54 }
            }
        }
    },
    "barn": {
        "en": "Barn",
        "es": "Establo",
        "de": "Scheune",
        "it": "Fienile",
        "fr": "Grange",
        "bgUrl": "./resources/backgrounds/barn.png",
        "exits": {
            "e1": {
                "connectsTo": "stables",
                "status": "open",
                "startPosition": { "x": 0, "y": 0 },
                "finalPosition": { "x": 0, "y": 0 }
            }
        }
    },
    "bigTree": {
        "en": "Big Tree",
        "es": "Gran Árbol",
        "de": "Großer Baum",
        "it": "Grande Albero",
        "fr": "Grand Arbre",
        "bgUrl": "./resources/backgrounds/bigTree.png",
        "exits": {
            "e1": {
                "connectsTo": "enterTree",
                "status": "open",
                "startPosition": { "x": 0, "y": 0 },
                "finalPosition": { "x": 0, "y": 0 }
            },
            "e2": {
                "connectsTo": "roadIntoTown",
                "status": "open",
                "startPosition": { "x": 66, "y": 39 },
                "finalPosition": { "x": 61, "y": 42 }
            },
            "e3": {
                "connectsTo": "stables",
                "status": "open",
                "startPosition": { "x": 72, "y": 54 },
                "finalPosition": { "x": 63, "y": 54 }
            }
        }
    },
    "roadIntoTown": {
        "en": "Road Into Town",
        "es": "Camino a la Ciudad",
        "de": "Weg in die Stadt",
        "it": "Strada verso la Città",
        "fr": "Route vers la Ville",
        "bgUrl": "./resources/backgrounds/roadIntoTown.png",
        "exits": {
            "e1": {
                "connectsTo": "riverCrossing",
                "status": "open",
                "startPosition": { "x": 73, "y": 49 },
                "finalPosition": { "x": 64, "y": 49 }
            },
            "e2": {
                "connectsTo": "bigTree",
                "status": "open",
                "startPosition": { "x": 65, "y": 51 },
                "finalPosition": { "x": 60, "y": 52 }
            },
            "e3": {
                "connectsTo": "stinkingDump",
                "status": "open",
                "startPosition": { "x": 0, "y": 0 },
                "finalPosition": { "x": 0, "y": 0 }
            },
            "e4": {
                "connectsTo": "marketStreet",
                "status": "open",
                "startPosition": { "x": 71, "y": 48 },
                "finalPosition": { "x": 65, "y": 47 }
            }
        }
    },
    "stinkingDump": {
        "en": "Stinking Dump",
        "es": "Vertedero Apestoso",
        "de": "Stinkende Müllhalde",
        "it": "Discarica Puzzolente",
        "fr": "Décharge Malodorante",
        "bgUrl": "./resources/backgrounds/stinkingDump.png",
        "exits": {
            "e1": {
                "connectsTo": "roadIntoTown",
                "status": "open",
                "startPosition": { "x": 0, "y": 0 },
                "finalPosition": { "x": 0, "y": 0 }
            },
            "e2": {
                "connectsTo": "largePileOfPoo",
                "status": "open",
                "startPosition": { "x": 0, "y": 0 },
                "finalPosition": { "x": 0, "y": 0 }
            }
        }
    },
    "largePileOfPoo": {
        "en": "Large Pile of Poo",
        "es": "Gran Montón de Excremento",
        "de": "Großer Haufen Kot",
        "it": "Grande Pila di Feci",
        "fr": "Grande Tas de Crottes",
        "bgUrl": "./resources/backgrounds/largePileOfPoo.png",
        "exits": {
            "e1": {
                "connectsTo": "stinkingDump",
                "status": "open",
                "startPosition": { "x": 0, "y": 0 },
                "finalPosition": { "x": 0, "y": 0 }
            }
        }
    },
    "riverCrossing": {
        "en": "River Crossing",
        "es": "Cruce de Río",
        "de": "Flussüberquerung",
        "it": "Attraversamento del Fiume",
        "fr": "Traversée de la Rivière",
        "bgUrl": "./resources/backgrounds/riverCrossing.png",
        "exits": {
            "e1": {
                "connectsTo": "map",
                "status": "locked",
                "startPosition": { "x": 0, "y": 0 },
                "finalPosition": { "x": 0, "y": 0 }
            },
            "e2": {
                "connectsTo": "roadIntoTown",
                "status": "open",
                "startPosition": { "x": 28, "y": 39 },
                "finalPosition": { "x": 32, "y": 41 }
            }
        }
    },
    "map": {
        "en": "Map",
        "es": "Mapa",
        "de": "Karte",
        "it": "Mappa",
        "fr": "Carte",
        "bgUrl": "./resources/backgrounds/map.png",
        "exits": {
            "e1": {
                "connectsTo": "riverCrossing",
                "status": "open",
                "startPosition": { "x": 0, "y": 0 },
                "finalPosition": { "x": 0, "y": 0 }
            }
        }
    }
}
