{
    "generalComments1": "generalComments are to tell the developer about some things in this file, and are not referenced in the game logic.",
    "generalComments2": "usedOn.objectUseWith1 can be another object or the screenId that an exit leads to",
    "generalComments3": "usedOn.useTogetherLocation can be a screenId or an object/npc if two elements can be used together anywhere, but they must both point to each other for this to work.",
    "generalComments4": "Doors: alreadyUsed will map to whether or not a locked door is opened.  False, the door is locked, True, it is unlocked, and this should always match the status field in the navigation screen for the exit",
    "generalComments5": "Doors: activeStatus refers to whether the state of the door is open or closed, and does not relate to whether it is locked. true is open, false is closed",
    "generalComments6": "canHover: Can be set to false and will stop user hovering and interacting for example object in canvas but invisible until they push something or look at something etc, can make not hoverable and add a blank png and replace it when it should become visible",
    "generalComments7": "name property of an object cannot have its last word as the same as another objects name ie one object is hook you can not use rope and hook, and check other languages too",
    "objects": {
        "objectDoorLibraryFoyerResearchRoom": {
                "name": {
                    "en": "Wooden Door",
                    "es": "Puerta de madera",
                    "de": "Holztür",
                    "it": "Porta di legno",
                    "fr": "Porte en bois"
                },
                "interactable": {
                    "specialNpcObjectStandIn" : false,
                    "canHover": false,
                    "canPush": false,
                    "canPull": false,
                    "canOpen": true,
                    "canPickUp": false,
                    "canUse": true,
                    "canUseWith": false,
                    "canGive": false, 
                    "stackable": false,
                    "quantity": 1,
                    "decrementQuantityOnUse": false,
                    "activeStatus": false,
                    "alreadyUsed": false        
                },
                "usedOn": {
                    "objectUse": "",
                    "actionUse1": "openCloseGenericUnlockedDoor",
                    "actionUse2": "",
                    "objectUseWith1": "",
                    "actionUseWith11": "",
                    "actionUseWith12": "",
                    "useTogetherLocation": "debugRoom",
                    "npcGiveTo": "",
                    "actionGive1": "",
                    "actionGive2": "",
                    "actionPickUp": ""
                },
                "objectPlacementLocation": "debugRoom",
                "activeSpriteUrl": "s1",
                "spriteUrl": {
                    "s1": "./resources/objects/images/libraryFoyer_Exit_ResearchRoomClosed.png",
                    "s2": "./resources/objects/images/libraryFoyer_Exit_ResearchRoomOpen.png"
                },
                "visualAnimatedStateOffsets": {
                    "s1": {
                        "x": 0,
                        "y": 0
                    },
                    "s2": {
                        "x": -60,
                        "y": 0
                    }
                },
                "inventoryUrl": "",
                "gridPosition": {
                    "x": 3,
                    "y": 1
                },
                "offset": {
                    "x": 0,
                    "y": 0
                },
                "visualPosition": {
                    "x": 0,
                    "y": 0
                },
                "dimensions": {
                    "width": 1,
                    "height": 1
                },
                "comment": "door from libraryFoyer to researchRoom, opened by using objectKeyResearchRoom on it"
        },
        "objectKeyResearchRoom": {
            "name": {
                "en": "Key For Research Room",
                "es": "Llave para la sala de investigación",
                "de": "Schlüssel für den Forschungsraum",
                "it": "Chiave per la sala di ricerca",
                "fr": "Clé pour la salle de recherche"
            },
            "interactable": {
                "specialNpcObjectStandIn" : false,
                "canHover": true,
                "canPush": false,
                "canPull": false,
                "canOpen": false,
                "canPickUp": true,
                "canUse": false,
                "canUseWith": true, 
                "canGive": true,
                "stackable": false,
                "quantity": 1,
                "decrementQuantityOnUse": false,
                "activeStatus": true,
                "alreadyUsed": false
            },
            "usedOn": {
                "objectUse": "",
                "actionUse1": "",
                "actionUse2": "",
                "objectUseWith1": "objectDoorLibraryFoyerResearchRoom",
                "npcUseWith1": "",
                "actionUseWith11": "unlockResearchRoomDoor",
                "actionUseWith12": "",
                "useTogetherLocation": "debugRoom",
                "npcGiveTo": "npcLibrarian1",
                "actionGive1": "giveKeyToLibrarian",
                "actionGive2": "",
                "actionPickUp": ""
            },
            "objectPlacementLocation": "debugRoom",
            "activeSpriteUrl": "s1",
            "spriteUrl": {
                "s1": "./resources/objects/images/goldKeyWorld.png",
                "s2": "./resources/objects/images/goldKeyWorld.png"
            },
            "visualAnimatedStateOffsets": {
                "s1": {
                    "x": 0,
                    "y": 0
                },
                "s2": {
                    "x": 0,
                    "y": 0
                }
            },
            "inventoryUrl": "./resources/objects/images/goldKeyInv.png",
            "gridPosition": {
                "x": 8,
                "y": 1
            },
            "offset": {
                "x": 0,
                "y": 0
            },
            "visualPosition": {
                "x": 0,
                "y": 0
            },
            "dimensions": {
                "width": 1,
                "height": 1
            },
            "comment": "Key for unlocking door to researchRoom from libraryFoyer"
        },
        "objectBarrelBarn": {
            "name": {
                "en": "Dusty Barrel",
                "es": "Barril polvoriento",
                "de": "Staubiger Fass",
                "it": "Barile polveroso",
                "fr": "Tonneau poussiéreux"
            },
            "interactable": {
                "specialNpcObjectStandIn" : false,
                "canHover": true,
                "canPush": false,
                "canPull": false,
                "canOpen": true,
                "canPickUp": false,
                "canUse": true,
                "canUseWith": false, 
                "canGive": false,
                "stackable": false,
                "quantity": 1,
                "decrementQuantityOnUse": false,
                "activeStatus": true,
                "alreadyUsed": false
            },
            "usedOn": {
                "objectUse": "",
                "actionUse1": "",
                "actionUse2": "",
                "objectUseWith1": "",
                "npcUseWith1": "",
                "actionUseWith11": "openBarrelBarn",
                "actionUseWith12": "",
                "useTogetherLocation": "debugRoom",
                "npcGiveTo": "",
                "actionGive1": "",
                "actionGive2": "",
                "actionPickUp": ""
            },
            "objectPlacementLocation": "",
            "activeSpriteUrl": "s1",
            "spriteUrl": {
                "s1": "./resources/objects/images/barrelBarnClosedWorld.png",
                "s2": "./resources/objects/images/barrelBarnOpenWorld.png",
                "s3": "./resources/objects/images/barrelBarnOpenHandleWorld.png"
            },
            "visualAnimatedStateOffsets": {
                "s1": {
                    "x": 0,
                    "y": 0
                },
                "s2": {
                    "x": 0,
                    "y": 0
                }
            },
            "inventoryUrl": "",
            "gridPosition": {
                "x": 60,
                "y": 20
            },
            "offset": {
                "x": 0,
                "y": 0
            },
            "visualPosition": {
                "x": 0,
                "y": 0
            },
            "dimensions": {
                "width": 50,
                "height": 50
            },
            "comment": "Barrel in Barn that you can open"
        },
        "objectPileOfBooksLibraryFoyer": {
            "name": {
                "en": "Pile of Books",
                "es": "Pila de libros",
                "de": "Stapel Bücher",
                "it": "Pila di libri",
                "fr": "Pile de livres"
            },
            "interactable": {
                "specialNpcObjectStandIn" : false,
                "canHover": true,
                "canPush": true,
                "canPull": true,
                "canOpen": false,
                "canPickUp": false,
                "canUse": true,
                "canUseWith": false, 
                "canGive": false,
                "stackable": false,
                "quantity": 1,
                "decrementQuantityOnUse": false,
                "activeStatus": true,
                "alreadyUsed": false
            },
            "usedOn": {
                "objectUse": "",
                "actionUse1": "moveBooksToGetResearchRoomKey",
                "actionUse2": "",
                "objectUseWith1": "",
                "npcUseWith1": "",
                "actionUseWith11": "",
                "actionUseWith12": "",
                "useTogetherLocation": "",
                "npcGiveTo": "",
                "actionGive1": "",
                "actionGive2": "",
                "actionPickUp": ""
            },
            "objectPlacementLocation": "debugRoom",
            "activeSpriteUrl": "s1",
            "spriteUrl": {
                "s1": "./resources/objects/images/debug/pileOfBooks.png",
                "s2": "./resources/objects/images/blank.png"
            },
            "visualAnimatedStateOffsets": {
                "s1": {
                    "x": 0,
                    "y": 0
                },
                "s2": {
                    "x": 0,
                    "y": 0
                }
            },
            "inventoryUrl": "",
            "gridPosition": {
                "x": 11,
                "y": 1
            },
            "offset": {
                "x": 0,
                "y": 0
            },
            "visualPosition": {
                "x": 0,
                "y": 0
            },
            "dimensions": {
                "width": 1,
                "height": 1
            },
            "comment": "Pile of books you use or push or pull to get the key for the research room"
        },
        "objectParrotFlyer": {
            "name": {
                "en": "Useless Parrot Flyer",
                "es": "Volante de Loro Inútil",
                "de": "Nutzloser Papageienflieger",
                "it": "Volantino del Pappagallo Inutile",
                "fr": "Flyer de Perroquet Inutile"
            },
            "interactable": {
                "specialNpcObjectStandIn" : false,
                "canHover": false,
                "canPush": false,
                "canPull": false,
                "canOpen": false,
                "canPickUp": false,
                "canUse": false,
                "canUseWith": true,
                "canGive": false,
                "stackable": false,
                "quantity": 1,
                "decrementQuantityOnUse": true,
                "activeStatus": true,
                "alreadyUsed": false            
            },
            "usedOn": {
                "objectUse": "",
                "actionUse1": "",
                "actionUse2": "",
                "objectUseWith1": "objectParrotHook",
                "npcUseWith1": "",
                "actionUseWith11": "placeParrotFlyerOnHook",
                "actionUseWith12": "",
                "useTogetherLocation": "debugRoom",
                "npcGiveTo": "",
                "actionGive1": "",
                "actionGive2": "",
                "actionPickUp": ""
            },
            "objectPlacementLocation": "debugRoom",
            "activeSpriteUrl": "s1",
            "spriteUrl": {
                "s1": "./resources/objects/images/blank.png",
                "s2": "./resources/objects/images/parrotFlyerWorld.png"
            },
            "visualAnimatedStateOffsets": {
                "s1": {
                    "x": 0,
                    "y": 0
                },
                "s2": {
                    "x": 0,
                    "y": 0
                }
            },
            "inventoryUrl": "./resources/objects/images/parrotFlyerInv.png",
            "gridPosition": {
                "x": 4,
                "y": 1
            },
            "offset": {
                "x": 0.4,
                "y": 0.5
            },
            "visualPosition": {
                "x": 0,
                "y": 0
            },
            "dimensions": {
                "width": 1,
                "height": 1
            },
            "comment": "place over top of mirror and show when user takes mirror"
        },
        "objectParrotMirror": {
            "name": {
                "en": "Mirror",
                "es": "Espejo",
                "de": "Spiegel",
                "it": "Specchio",
                "fr": "Miroir"
            },
            "interactable": {
                "specialNpcObjectStandIn" : false,
                "canHover": true,
                "canPush": false,
                "canPull": false,
                "canOpen": false,
                "canPickUp": false,
                "canUse": false,
                "canUseWith": true, 
                "canGive": false,
                "stackable": false,
                "quantity": 1,
                "decrementQuantityOnUse": true,
                "activeStatus": true,
                "alreadyUsed": false
            },
            "usedOn": {
                "objectUse": "",
                "actionUse1": "",
                "actionUse2": "",
                "objectUseWith1": "",
                "npcUseWith1": "",
                "actionUseWith11": "",
                "actionUseWith12": "",
                "useTogetherLocation": "debugRoom",
                "npcGiveTo": "npcWomanLostMirror",
                "actionGive1": "giveWomanMirror",
                "actionGive2": "",
                "actionPickUp": "resetHookBackToTreePosition"
            },
            "objectPlacementLocation": "debugRoom",
            "activeSpriteUrl": "s1",
            "spriteUrl": {
                "s1": "./resources/objects/images/parrotMirrorWorld.png",
                "s2": "./resources/objects/images/parrotMirrorWorld.png"
            },
            "visualAnimatedStateOffsets": {
                "s1": {
                    "x": 0,
                    "y": 0
                },
                "s2": {
                    "x": 0,
                    "y": 0
                }
            },
            "inventoryUrl": "./resources/objects/images/parrotMirrorInv.png",
            "gridPosition": {
                "x": 6,
                "y": 1
            },
            "offset": {
                "x": 0.2,
                "y": 0
            },
            "visualPosition": {
                "x": 0,
                "y": 0
            },
            "dimensions": {
                "width": 1,
                "height": 1
            },
            "comment": "Give to npcWomanLostMirror to get objectKeyToDen"
        },
        "objectCarrot": {
            "name": {
                "en": "Carrot",
                "es": "Zanahoria",
                "de": "Karotte",
                "it": "Carota",
                "fr": "Carotte"
            },
            "interactable": {
                "specialNpcObjectStandIn" : false,
                "canHover": true,
                "canPush": false,
                "canPull": false,
                "canOpen": false,
                "canPickUp": true,
                "canUse": false,
                "canUseWith": false, 
                "canGive": true,
                "stackable": false,
                "quantity": 1,
                "decrementQuantityOnUse": true,
                "activeStatus": true,
                "alreadyUsed": false
            },
            "usedOn": {
                "objectUse": "",
                "actionUse1": "",
                "actionUse2": "",
                "objectUseWith1": "",
                "npcUseWith1": "",
                "actionUseWith11": "",
                "actionUseWith12": "",
                "useTogetherLocation": "debugRoom",
                "npcGiveTo": "npcDonkey",
                "actionGive1": "giveCarrotToDonkey",
                "actionGive2": "",
                "actionPickUp": ""
            },
            "objectPlacementLocation": "debugRoom",
            "activeSpriteUrl": "s1",
            "spriteUrl": {
                "s1": "./resources/objects/images/carrotWorld.png",
                "s2": "./resources/objects/images/carrotWorld.png"
            },
            "visualAnimatedStateOffsets": {
                "s1": {
                    "x": 0,
                    "y": 0
                },
                "s2": {
                    "x": 0,
                    "y": 0
                }
            },
            "inventoryUrl": "./resources/objects/images/carrotInv.png",
            "gridPosition": {
                "x": 7,
                "y": 1
            },
            "offset": {
                "x": 0,
                "y": 0
            },
            "visualPosition": {
                "x": 0,
                "y": 0
            },
            "dimensions": {
                "width": 1,
                "height": 1
            },
            "comment": "Give carrot to donkey in order to show objectDonkeyRope and move the donkey so can access barn"
        },
        "objectDonkeyFake": {
            "name": {
                "en": "Donkey ",
                "es": "Burro ",
                "de": "Esel ",
                "it": "Asino ",
                "fr": "Âne "
            },
            "interactable": {
                "specialNpcObjectStandIn" : true,
                "canHover": false,
                "canPush": false,
                "canPull": false,
                "canOpen": false,
                "canPickUp": false,
                "canUse": true,
                "canUseWith": false, 
                "canGive": false,
                "stackable": false,
                "quantity": 1,
                "decrementQuantityOnUse": false,
                "activeStatus": true,
                "alreadyUsed": false,
                "dialogueColor": "rgb(0, 0, 0)"
            },
            "usedOn": {
                "objectUse": "",
                "actionUse1": "donkeyMoveRopeAvailable",
                "actionUse2": "",
                "objectUseWith1": "",
                "npcUseWith1": "",
                "actionUseWith11": "",
                "actionUseWith12": "",
                "useTogetherLocation": "",
                "npcGiveTo": "",
                "actionGive1": "",
                "actionGive2": "",
                "actionPickUp": ""
            },
            "objectPlacementLocation": "debugRoom",
            "activeSpriteUrl": "s1",
            "spriteUrl": {
                "s1": "./resources/objects/images/blank.png",
                "s2": "./resources/objects/images/donkeyOnRope.png"
            },
            "visualAnimatedStateOffsets": {
                "s1": {
                    "x": 0,
                    "y": 0
                },
                "s2": {
                    "x": 0,
                    "y": 0
                }
            },
            "inventoryUrl": "",
            "gridPosition": {
                "x": 12,
                "y": 1
            },
            "offset": {
                "x": 0,
                "y": 0
            },
            "visualPosition": {
                "x": 0,
                "y": 0
            },
            "dimensions": {
                "width": 1,
                "height": 1
            },
            "comment": "Object instance of Donkey npc that can be used to show the rope, the space after the name is important or the code wont work"
        },
        "objectParrotHook": {
            "name": {
                "en": "Hook",
                "es": "Gancho",
                "de": "Haken",
                "it": "Gancio",
                "fr": "Crochet"
            },
            "interactable": {
                "specialNpcObjectStandIn" : false,
                "canHover": true,
                "canPush": false,
                "canPull": false,
                "canOpen": false,
                "canPickUp": false,
                "canUse": false,
                "canUseWith": true, 
                "canGive": false,
                "stackable": false,
                "quantity": 1,
                "decrementQuantityOnUse": true,
                "activeStatus": true,
                "alreadyUsed": false
            },
            "usedOn": {
                "objectUse": "",
                "actionUse1": "",
                "actionUse2": "",
                "objectUseWith1": "objectDonkeyRope",
                "npcUseWith1": "",
                "actionUseWith11": "combineRopeAndHook",
                "actionUseWith12": "",
                "useTogetherLocation": "objectDonkeyRope",
                "npcGiveTo": "",
                "actionGive1": "",
                "actionGive2": "",
                "actionPickUp": ""
            },
            "objectPlacementLocation": "debugRoom",
            "activeSpriteUrl": "s1",
            "spriteUrl": {
                "s1": "./resources/objects/images/hookWorld.png",
                "s2": "./resources/objects/images/blank.png"
            },
            "visualAnimatedStateOffsets": {
                "s1": {
                    "x": 0,
                    "y": 0
                },
                "s2": {
                    "x": 0,
                    "y": 0
                }
            },
            "inventoryUrl": "./resources/objects/images/hookInv.png",
            "gridPosition": {
                "x": 5,
                "y": 1
            },
            "offset": {
                "x": 0.4,
                "y": 0.5
            },
            "visualPosition": {
                "x": 0,
                "y": 0
            },
            "dimensions": {
                "width": 1,
                "height": 1
            },
            "comment": "Hook for attaching parrotFlyer and can also be taken after this puzzle finishes and used with Rope"
        },
        "objectSturdyAnchor": {
            "name": {
                "en": "Sturdy Anchor",
                "es": "Gancho resistente",
                "de": "Stabiler Haken",
                "it": "Gancio robusto",
                "fr": "Crochet robuste"
            },
            "interactable": {
                "specialNpcObjectStandIn" : false,
                "canHover": true,
                "canPush": false,
                "canPull": false,
                "canOpen": false,
                "canPickUp": false,
                "canUse": false,
                "canUseWith": true, 
                "canGive": false,
                "stackable": false,
                "quantity": 1,
                "decrementQuantityOnUse": true,
                "activeStatus": true,
                "alreadyUsed": false
            },
            "usedOn": {
                "objectUse": "",
                "actionUse1": "",
                "actionUse2": "",
                "objectUseWith1": "",
                "npcUseWith1": "",
                "actionUseWith11": "",
                "actionUseWith12": "",
                "useTogetherLocation": "objectPulleyWheel",
                "npcGiveTo": "",
                "actionGive1": "",
                "actionGive2": "",
                "actionPickUp": ""
            },
            "objectPlacementLocation": "debugRoom",
            "activeSpriteUrl": "s1",
            "spriteUrl": {
                "s1": "./resources/objects/images/hookWorld.png",
                "s2": "./resources/objects/images/blank.png"
            },
            "visualAnimatedStateOffsets": {
                "s1": {
                    "x": 0,
                    "y": 0
                },
                "s2": {
                    "x": 0,
                    "y": 0
                }
            },
            "inventoryUrl": "./resources/objects/images/hookInv.png",
            "gridPosition": {
                "x": 66,
                "y": 33
            },
            "offset": {
                "x": 0.4,
                "y": 0.5
            },
            "visualPosition": {
                "x": 0,
                "y": 0
            },
            "dimensions": {
                "width": 25,
                "height": 15
            },
            "comment": "Anchor for attaching pulley wheel to on river crossing tree"
        },
        "objectPulleyWheel": {
            "name": {
                "en": "Pulley Wheel",
                "es": "Rueda de polea",
                "de": "Seilrolle",
                "it": "Ruota della puleggia",
                "fr": "Roue de poulie"
            },
            "interactable": {
                "specialNpcObjectStandIn" : false,
                "canHover": true,
                "canPush": false,
                "canPull": false,
                "canOpen": false,
                "canPickUp": true,
                "canUse": false,
                "canUseWith": true, 
                "canGive": false,
                "stackable": false,
                "quantity": 1,
                "decrementQuantityOnUse": true,
                "activeStatus": true,
                "alreadyUsed": false
            },
            "usedOn": {
                "objectUse": "",
                "actionUse1": "",
                "actionUse2": "",
                "objectUseWith1": "objectSturdyAnchor",
                "npcUseWith1": "",
                "actionUseWith11": "combinePulleyAndSturdyAnchor",
                "actionUseWith12": "",
                "useTogetherLocation": "objectSturdyAnchor",
                "npcGiveTo": "",
                "actionGive1": "",
                "actionGive2": "",
                "actionPickUp": ""
            },
            "objectPlacementLocation": "debugRoom",
            "activeSpriteUrl": "s1",
            "spriteUrl": {
                "s1": "./resources/objects/images/blank.png",
                "s2": "./resources/objects/images/pulleyWorld.png"
            },
            "visualAnimatedStateOffsets": {
                "s1": {
                    "x": 0,
                    "y": 0
                },
                "s2": {
                    "x": 0,
                    "y": 0
                }
            },
            "inventoryUrl": "./resources/objects/images/pulleyInv.png",
            "gridPosition": {
                "x": 14,
                "y": 1
            },
            "offset": {
                "x": 0.4,
                "y": 0.2
            },
            "visualPosition": {
                "x": 0,
                "y": 0
            },
            "dimensions": {
                "width": 31,
                "height": 1
            },
            "comment": "Key for unlocking door to researchRoom from libraryFoyer"
        },
        "objectCrowbar": {
            "name": {
                "en": "Crowbar",
                "es": "Palanca",
                "de": "Brechstange",
                "it": "Piede di porco",
                "fr": "Pied-de-biche"
            },
            "interactable": {
                "specialNpcObjectStandIn" : false,
                "canHover": true,
                "canPush": false,
                "canPull": false,
                "canOpen": false,
                "canPickUp": true,
                "canUse": false,
                "canUseWith": true, 
                "canGive": false,
                "stackable": false,
                "quantity": 1,
                "decrementQuantityOnUse": false,
                "activeStatus": true,
                "alreadyUsed": false
            },
            "usedOn": {
                "objectUse": "",
                "actionUse1": "",
                "actionUse2": "",
                "objectUseWith1": "objectDoorLibraryFoyerResearchRoom",
                "npcUseWith1": "",
                "actionUseWith11": "unlockResearchRoomDoor",
                "actionUseWith12": "",
                "useTogetherLocation": "debugRoom",
                "npcGiveTo": "npcLibrarian1",
                "actionGive1": "giveKeyToLibrarian",
                "actionGive2": "",
                "actionPickUp": ""
            },
            "objectPlacementLocation": "debugRoom",
            "activeSpriteUrl": "s1",
            "spriteUrl": {
                "s1": "./resources/objects/images/crowBarWorld.png",
                "s2": "./resources/objects/images/crowBarWorld.png"
            },
            "visualAnimatedStateOffsets": {
                "s1": {
                    "x": 0,
                    "y": 0
                },
                "s2": {
                    "x": 0,
                    "y": 0
                }
            },
            "inventoryUrl": "./resources/objects/images/crowBarInv.png",
            "gridPosition": {
                "x": 23,
                "y": 30
            },
            "offset": {
                "x": 0,
                "y": 0
            },
            "visualPosition": {
                "x": 0,
                "y": 0
            },
            "dimensions": {
                "width": 50,
                "height": 40
            },
            "comment": "Key for unlocking door to researchRoom from libraryFoyer"
        },
        "objectIllegibleMap": {
            "name": {
                "en": "Illegible Map",
                "es": "Mapa ilegible",
                "de": "Unlesbare Karte",
                "it": "Mappa illeggibile",
                "fr": "Carte illisible"
            },
            "interactable": {
                "specialNpcObjectStandIn" : false,
                "canHover": true,
                "canPush": false,
                "canPull": false,
                "canOpen": false,
                "canPickUp": true,
                "canUse": false,
                "canUseWith": false, 
                "canGive": true,
                "stackable": false,
                "quantity": 1,
                "decrementQuantityOnUse": true,
                "activeStatus": true,
                "alreadyUsed": false
            },
            "usedOn": {
                "objectUse": "",
                "actionUse1": "",
                "actionUse2": "",
                "objectUseWith1": "objectDoorLibraryFoyerResearchRoom",
                "npcUseWith1": "",
                "actionUseWith11": "unlockResearchRoomDoor",
                "actionUseWith12": "",
                "useTogetherLocation": "debugRoom",
                "npcGiveTo": "npcLibrarian1",
                "actionGive1": "giveKeyToLibrarian",
                "actionGive2": "",
                "actionPickUp": ""
            },
            "objectPlacementLocation": "debugRoom",
            "activeSpriteUrl": "s1",
            "spriteUrl": {
                "s1": "./resources/objects/images/IllegibleMapWorld.png",
                "s2": "./resources/objects/images/IllegibleMapWorld.png"
            },
            "visualAnimatedStateOffsets": {
                "s1": {
                    "x": 0,
                    "y": 0
                },
                "s2": {
                    "x": 0,
                    "y": 0
                }
            },
            "inventoryUrl": "./resources/objects/images/IllegibleMapInv.png",
            "gridPosition": {
                "x": 29,
                "y": 45
            },
            "offset": {
                "x": 0,
                "y": 0
            },
            "visualPosition": {
                "x": 0,
                "y": 0
            },
            "dimensions": {
                "width": 50,
                "height": 40
            },
            "comment": "Key for unlocking door to researchRoom from libraryFoyer"
        },
        "objectPitchFork": {
            "name": {
                "en": "Pitch Fork",
                "es": "Horca",
                "de": "Heugabel",
                "it": "Forcone",
                "fr": "Fourche"
            },
            "interactable": {
                "specialNpcObjectStandIn" : false,
                "canHover": true,
                "canPush": false,
                "canPull": false,
                "canOpen": false,
                "canPickUp": true,
                "canUse": false,
                "canUseWith": true, 
                "canGive": false,
                "stackable": false,
                "quantity": 1,
                "decrementQuantityOnUse": false,
                "activeStatus": true,
                "alreadyUsed": false
            },
            "usedOn": {
                "objectUse": "",
                "actionUse1": "",
                "actionUse2": "",
                "objectUseWith1": "objectDoorLibraryFoyerResearchRoom",
                "npcUseWith1": "",
                "actionUseWith11": "unlockResearchRoomDoor",
                "actionUseWith12": "",
                "useTogetherLocation": "debugRoom",
                "npcGiveTo": "npcLibrarian1",
                "actionGive1": "giveKeyToLibrarian",
                "actionGive2": "",
                "actionPickUp": ""
            },
            "objectPlacementLocation": "debugRoom",
            "activeSpriteUrl": "s1",
            "spriteUrl": {
                "s1": "./resources/objects/images/pitchForkWorld.png",
                "s2": "./resources/objects/images/pitchForkWorld.png"
            },
            "visualAnimatedStateOffsets": {
                "s1": {
                    "x": 0,
                    "y": 0
                },
                "s2": {
                    "x": 0,
                    "y": 0
                }
            },
            "inventoryUrl": "./resources/objects/images/pitchForkInv.png",
            "gridPosition": {
                "x": 22,
                "y": 45
            },
            "offset": {
                "x": 0,
                "y": 0
            },
            "visualPosition": {
                "x": 0,
                "y": 0
            },
            "dimensions": {
                "width": 50,
                "height": 40
            },
            "comment": "Key for unlocking door to researchRoom from libraryFoyer"
        },
        "objectDonkeyRope": {
            "name": {
                "en": "Rope",
                "es": "Cuerda",
                "de": "Seil",
                "it": "Corda",
                "fr": "Corde"
            },
            "interactable": {
                "specialNpcObjectStandIn" : false,
                "canHover": false,
                "canPush": false,
                "canPull": false,
                "canOpen": false,
                "canPickUp": true,
                "canUse": false,
                "canUseWith": true, 
                "canGive": false,
                "stackable": false,
                "quantity": 1,
                "decrementQuantityOnUse": true,
                "activeStatus": true,
                "alreadyUsed": false
            },
            "usedOn": {
                "objectUse": "",
                "actionUse1": "",
                "actionUse2": "",
                "objectUseWith1": "objectParrotHook",
                "npcUseWith1": "",
                "actionUseWith11": "combineRopeAndHook",
                "actionUseWith12": "",
                "useTogetherLocation": "objectParrotHook",
                "npcGiveTo": "",
                "actionGive1": "",
                "actionGive2": "",
                "actionPickUp": ""
            },
            "objectPlacementLocation": "debugRoom",
            "activeSpriteUrl": "s1",
            "spriteUrl": {
                "s1": "./resources/objects/images/blank.png",
                "s2": "./resources/objects/images/ropeWorld.png"
            },
            "visualAnimatedStateOffsets": {
                "s1": {
                    "x": 0,
                    "y": 0
                },
                "s2": {
                    "x": 0,
                    "y": 0
                }
            },
            "inventoryUrl": "./resources/objects/images/ropeInv.png",
            "gridPosition": {
                "x": 48,
                "y": 34
            },
            "offset": {
                "x": 0,
                "y": 0
            },
            "visualPosition": {
                "x": 0,
                "y": 0
            },
            "dimensions": {
                "width": 30,
                "height": 20
            },
            "comment": "Key for unlocking door to researchRoom from libraryFoyer"
        },
        "objectMallet": {
            "name": {
                "en": "Mallet",
                "es": "Mazo",
                "de": "Holzhammer",
                "it": "Mazzuolo",
                "fr": "Maillet"
            },
            "interactable": {
                "specialNpcObjectStandIn" : false,
                "canHover": true,
                "canPush": false,
                "canPull": false,
                "canOpen": false,
                "canPickUp": true,
                "canUse": false,
                "canUseWith": true, 
                "canGive": false,
                "stackable": false,
                "quantity": 1,
                "decrementQuantityOnUse": false,
                "activeStatus": true,
                "alreadyUsed": false
            },
            "usedOn": {
                "objectUse": "",
                "actionUse1": "",
                "actionUse2": "",
                "objectUseWith1": "objectNails",
                "npcUseWith1": "",
                "actionUseWith11": "addPlankToBridge",
                "actionUseWith12": "checkIfEnoughPlanksOnBridge",
                "useTogetherLocation": "debugRoom",
                "npcGiveTo": "",
                "actionGive1": "",
                "actionGive2": "",
                "actionPickUp": "pickUpMallet"
            },
            "objectPlacementLocation": "",
            "activeSpriteUrl": "s1",
            "spriteUrl": {
                "s1": "./resources/objects/images/blank.png",
                "s2": "./resources/objects/images/malletWorld.png"
            },
            "visualAnimatedStateOffsets": {
                "s1": {
                    "x": 0,
                    "y": 0
                },
                "s2": {
                    "x": 0,
                    "y": 0
                }
            },
            "inventoryUrl": "./resources/objects/images/malletInv.png",
            "gridPosition": {
                "x": 18,
                "y": 1
            },
            "offset": {
                "x": 0,
                "y": 0
            },
            "visualPosition": {
                "x": 0,
                "y": 0
            },
            "dimensions": {
                "width": 1,
                "height": 1
            },
            "comment": "Mallet for repairing bridge with nails"
        },
        "objectNails": {
            "name": {
                "en": "Nails",
                "es": "Clavos",
                "de": "Nägel",
                "it": "Chiodi",
                "fr": "Clous"
            },
            "interactable": {
                "specialNpcObjectStandIn" : false,
                "canHover": true,
                "canPush": false,
                "canPull": false,
                "canOpen": false,
                "canPickUp": true,
                "canUse": false,
                "canUseWith": true, 
                "canGive": false,
                "stackable": false,
                "quantity": 1,
                "decrementQuantityOnUse": true,
                "activeStatus": true,
                "alreadyUsed": false
            },
            "usedOn": {
                "objectUse": "",
                "actionUse1": "",
                "actionUse2": "",
                "objectUseWith1": "objectDoorLibraryFoyerResearchRoom",
                "npcUseWith1": "",
                "actionUseWith11": "unlockResearchRoomDoor",
                "actionUseWith12": "",
                "useTogetherLocation": "debugRoom",
                "npcGiveTo": "npcLibrarian1",
                "actionGive1": "giveKeyToLibrarian",
                "actionGive2": "",
                "actionPickUp": ""
            },
            "objectPlacementLocation": "debugRoom",
            "activeSpriteUrl": "s1",
            "spriteUrl": {
                "s1": "./resources/objects/images/nailsWorld.png",
                "s2": "./resources/objects/images/nailsWorld.png"
            },
            "visualAnimatedStateOffsets": {
                "s1": {
                    "x": 0,
                    "y": 0
                },
                "s2": {
                    "x": 0,
                    "y": 0
                }
            },
            "inventoryUrl": "./resources/objects/images/nailsInv.png",
            "gridPosition": {
                "x": 54,
                "y": 45
            },
            "offset": {
                "x": 0,
                "y": 0
            },
            "visualPosition": {
                "x": 0,
                "y": 0
            },
            "dimensions": {
                "width": 50,
                "height": 42
            },
            "comment": "Key for unlocking door to researchRoom from libraryFoyer"
        },
        "objectSplinter": {
            "name": {
                "en": "Wood Splinter",
                "es": "Astilla de madera",
                "de": "Holzsplitter",
                "it": "Scheggia di legno",
                "fr": "Écharde de bois"
            },
            "interactable": {
                "specialNpcObjectStandIn" : false,
                "canHover": false,
                "canPush": false,
                "canPull": false,
                "canOpen": false,
                "canPickUp": false,
                "canUse": false,
                "canUseWith": true, 
                "canGive": false,
                "stackable": false,
                "quantity": 1,
                "decrementQuantityOnUse": true,
                "activeStatus": true,
                "alreadyUsed": false
            },
            "usedOn": {
                "objectUse": "",
                "actionUse1": "",
                "actionUse2": "",
                "objectUseWith1": "objectPulleyWheel",
                "npcUseWith1": "",
                "actionUseWith11": "addSplinterToJamPulley",
                "actionUseWith12": "",
                "useTogetherLocation": "debugRoom",
                "npcGiveTo": "",
                "actionGive1": "",
                "actionGive2": "",
                "actionPickUp": ""
            },
            "objectPlacementLocation": "objectPulleyWheel",
            "activeSpriteUrl": "s1",
            "spriteUrl": {
                "s1": "",
                "s2": ""
            },
            "visualAnimatedStateOffsets": {
                "s1": {
                    "x": 0,
                    "y": 0
                },
                "s2": {
                    "x": 0,
                    "y": 0
                }
            },
            "inventoryUrl": "./resources/objects/images/splinterInv.png",
            "gridPosition": {
                "x": 15,
                "y": 1
            },
            "offset": {
                "x": 0,
                "y": 0
            },
            "visualPosition": {
                "x": 0,
                "y": 0
            },
            "dimensions": {
                "width": 1,
                "height": 1
            },
            "comment": "Splinter stuck in cows foot that will jam the pulley wheel"
        },
        "objectBone": {
            "name": {
                "en": "Bone",
                "es": "Hueso",
                "de": "Knochen",
                "it": "Osso",
                "fr": "Os"
            },
            "interactable": {
                "specialNpcObjectStandIn" : false,
                "canHover": false,
                "canPush": false,
                "canPull": false,
                "canOpen": false,
                "canPickUp": true,
                "canUse": false,
                "canUseWith": true, 
                "canGive": false,
                "stackable": false,
                "quantity": 1,
                "decrementQuantityOnUse": true,
                "activeStatus": true,
                "alreadyUsed": false
            },
            "usedOn": {
                "objectUse": "",
                "actionUse1": "",
                "actionUse2": "",
                "objectUseWith1": "",
                "npcUseWith1": "",
                "actionUseWith11": "",
                "actionUseWith12": "",
                "useTogetherLocation": "debugRoom",
                "npcGiveTo": "",
                "actionGive1": "",
                "actionGive2": "",
                "actionPickUp": ""
            },
            "objectPlacementLocation": "debugRoom",
            "activeSpriteUrl": "s1",
            "spriteUrl": {
                "s1": "./resources/objects/images/blank.png",
                "s2": "./resources/objects/images/boneWorld.png"
            },
            "visualAnimatedStateOffsets": {
                "s1": {
                    "x": 0,
                    "y": 0
                },
                "s2": {
                    "x": 0,
                    "y": 0
                }
            },
            "inventoryUrl": "./resources/objects/images/boneInv.png",
            "gridPosition": {
                "x": 17,
                "y": 1
            },
            "offset": {
                "x": 0,
                "y": 0
            },
            "visualPosition": {
                "x": 0,
                "y": 0
            },
            "dimensions": {
                "width": 1,
                "height": 1
            },
            "comment": "Dog's bone, it is revealed when player gives dog objectMilkInBowl"
        },
        "objectMilkBottle": {
            "name": {
                "en": "Milk Bottle",
                "es": "Botella de leche",
                "de": "Milchflasche",
                "it": "Bottiglia di latte",
                "fr": "Bouteille de lait"
            },
            "interactable": {
                "specialNpcObjectStandIn" : false,
                "canHover": false,
                "canPush": false,
                "canPull": false,
                "canOpen": false,
                "canPickUp": false,
                "canUse": false,
                "canUseWith": true, 
                "canGive": false,
                "stackable": false,
                "quantity": 1,
                "decrementQuantityOnUse": true,
                "activeStatus": true,
                "alreadyUsed": false
            },
            "usedOn": {
                "objectUse": "",
                "actionUse1": "",
                "actionUse2": "",
                "objectUseWith1": "objectBowl",
                "npcUseWith1": "",
                "actionUseWith11": "combineMilkAndBowl",
                "actionUseWith12": "",
                "useTogetherLocation": "objectBowl",
                "npcGiveTo": "",
                "actionGive1": "",
                "actionGive2": "",
                "actionPickUp": ""
            },
            "objectPlacementLocation": "debugRoom",
            "activeSpriteUrl": "s1",
            "spriteUrl": {
                "s1": "./resources/objects/images/blank.png",
                "s2": "./resources/objects/images/blank.png"
            },
            "visualAnimatedStateOffsets": {
                "s1": {
                    "x": 0,
                    "y": 0
                },
                "s2": {
                    "x": 0,
                    "y": 0
                }
            },
            "inventoryUrl": "./resources/objects/images/milkBottleInv.png",
            "gridPosition": {
                "x": 1,
                "y": 1
            },
            "offset": {
                "x": 0,
                "y": 0
            },
            "visualPosition": {
                "x": 0,
                "y": 0
            },
            "dimensions": {
                "width": 1,
                "height": 1
            },
            "comment": "Key for unlocking door to researchRoom from libraryFoyer"
        },
        "objectBowl": {
            "name": {
                "en": "Bowl",
                "es": "Cuenco",
                "de": "Schüssel",
                "it": "Ciotola",
                "fr": "Bol"
            },
            "interactable": {
                "specialNpcObjectStandIn" : false,
                "canHover": true,
                "canPush": false,
                "canPull": false,
                "canOpen": false,
                "canPickUp": true,
                "canUse": false,
                "canUseWith": true, 
                "canGive": false,
                "stackable": false,
                "quantity": 1,
                "decrementQuantityOnUse": true,
                "activeStatus": true,
                "alreadyUsed": false
            },
            "usedOn": {
                "objectUse": "",
                "actionUse1": "",
                "actionUse2": "",
                "objectUseWith1": "objectMilkBottle",
                "npcUseWith1": "",
                "actionUseWith11": "combineMilkAndBowl",
                "actionUseWith12": "",
                "useTogetherLocation": "objectMilkBottle",
                "npcGiveTo": "",
                "actionGive1": "",
                "actionGive2": "",
                "actionPickUp": "resizeBowlInObjectsJSON"
            },
            "objectPlacementLocation": "house",
            "activeSpriteUrl": "s1",
            "spriteUrl": {
                "s1": "./resources/objects/images/bowlWorld.png",
                "s2": "./resources/objects/images/bowlWorld.png"
            },
            "visualAnimatedStateOffsets": {
                "s1": {
                    "x": 0,
                    "y": 0
                },
                "s2": {
                    "x": 0,
                    "y": 0
                }
            },
            "inventoryUrl": "./resources/objects/images/bowlInv.png",
            "gridPosition": {
                "x": 10,
                "y": 1
            },
            "offset": {
                "x": 0,
                "y": 0
            },
            "visualPosition": {
                "x": 0,
                "y": 0
            },
            "dimensions": {
                "width": 30,
                "height": 20
            },
            "comment": "Bowl to combine with Milk Bottle, for giving to Dog"
        },
        "objectMilkInBowl": {
            "name": {
                "en": "Bowl of Milk",
                "es": "Cuenco de leche",
                "de": "Schüssel mit Milch",
                "it": "Ciotola di latte",
                "fr": "Bol de lait"
            },
            "interactable": {
                "specialNpcObjectStandIn" : false,
                "canHover": false,
                "canPush": false,
                "canPull": false,
                "canOpen": false,
                "canPickUp": false,
                "canUse": false,
                "canUseWith": false, 
                "canGive": true,
                "stackable": false,
                "quantity": 1,
                "decrementQuantityOnUse": true,
                "activeStatus": true,
                "alreadyUsed": false
            },
            "usedOn": {
                "objectUse": "",
                "actionUse1": "",
                "actionUse2": "",
                "objectUseWith1": "",
                "npcUseWith1": "",
                "actionUseWith11": "",
                "actionUseWith12": "",
                "useTogetherLocation": "debugRoom",
                "npcGiveTo": "npcTownDog",
                "actionGive1": "giveDogBowlOfMilk",
                "actionGive2": "",
                "actionPickUp": ""
            },
            "objectPlacementLocation": "debugRoom",
            "activeSpriteUrl": "s1",
            "spriteUrl": {
                "s1": "./resources/objects/images/blank.png",
                "s2": "./resources/objects/images/blank.png"
            },
            "visualAnimatedStateOffsets": {
                "s1": {
                    "x": 0,
                    "y": 0
                },
                "s2": {
                    "x": 0,
                    "y": 0
                }
            },
            "inventoryUrl": "./resources/objects/images/milkInBowlInv.png",
            "gridPosition": {
                "x": 2,
                "y": 1
            },
            "offset": {
                "x": 0,
                "y": 0
            },
            "visualPosition": {
                "x": 0,
                "y": 0
            },
            "dimensions": {
                "width": 1,
                "height": 1
            },
            "comment": "Give this to dog and it will drop its bone"
        },
        "objectSplinterJammedInPulley": {
            "name": {
                "en": "Pulley With Splinter Jammed In It",
                "es": "Polea con astilla atascada",
                "de": "Seilrolle mit eingeklemmtem Splitter",
                "it": "Puleggia con scheggia bloccata",
                "fr": "Poulie avec écharde coincée"
            },
            "interactable": {
                "specialNpcObjectStandIn" : false,
                "canHover": true,
                "canPush": false,
                "canPull": false,
                "canOpen": false,
                "canPickUp": false,
                "canUse": false,
                "canUseWith": false, 
                "canGive": false,
                "stackable": false,
                "quantity": 1,
                "decrementQuantityOnUse": false,
                "activeStatus": true,
                "alreadyUsed": false
            },
            "usedOn": {
                "objectUse": "",
                "actionUse1": "",
                "actionUse2": "",
                "objectUseWith1": "",
                "npcUseWith1": "",
                "actionUseWith11": "",
                "actionUseWith12": "",
                "useTogetherLocation": "debugRoom",
                "npcGiveTo": "",
                "actionGive1": "",
                "actionGive2": "",
                "actionPickUp": ""
            },
            "objectPlacementLocation": "debugRoom",
            "activeSpriteUrl": "s1",
            "spriteUrl": {
                "s1": "./resources/objects/images/splinterPulleyWorld.png",
                "s2": "./resources/objects/images/splinterPulleyWorld.png"
            },
            "visualAnimatedStateOffsets": {
                "s1": {
                    "x": 0,
                    "y": 0
                },
                "s2": {
                    "x": 0,
                    "y": 0
                }
            },
            "inventoryUrl": "",
            "gridPosition": {
                "x": 17,
                "y": 44
            },
            "offset": {
                "x": 0,
                "y": 0
            },
            "visualPosition": {
                "x": 0,
                "y": 0
            },
            "dimensions": {
                "width": 50,
                "height": 40
            },
            "comment": "Combined pulley wheel and splinter for jamming wood when hoisted"
        },
        "objectRopeAndHook": {
            "name": {
                "en": "Hook'n'Rope",
                "es": "Gancho'n'Cuerda",
                "de": "Haken'n'Seil",
                "it": "Gancio'n'Corda",
                "fr": "Crochet'n'Corde"
            },
            "interactable": {
                "specialNpcObjectStandIn" : false,
                "canHover": true,
                "canPush": false,
                "canPull": true,
                "canOpen": false,
                "canPickUp": false,
                "canUse": true,
                "canUseWith": false, 
                "canGive": false,
                "stackable": false,
                "quantity": 1,
                "decrementQuantityOnUse": false,
                "activeStatus": true,
                "alreadyUsed": false
            },
            "usedOn": {
                "objectUse": "",
                "actionUse1": "",
                "actionUse2": "",
                "objectUseWith1": "objectDoorLibraryFoyerResearchRoom",
                "npcUseWith1": "",
                "actionUseWith11": "unlockResearchRoomDoor",
                "actionUseWith12": "",
                "useTogetherLocation": "debugRoom",
                "npcGiveTo": "npcLibrarian1",
                "actionGive1": "giveKeyToLibrarian",
                "actionGive2": "",
                "actionPickUp": ""
            },
            "objectPlacementLocation": "debugRoom",
            "activeSpriteUrl": "s1",
            "spriteUrl": {
                "s1": "./resources/objects/images/ropeHookWorld.png",
                "s2": "./resources/objects/images/ropeHookWorld.png"
            },
            "visualAnimatedStateOffsets": {
                "s1": {
                    "x": 0,
                    "y": 0
                },
                "s2": {
                    "x": 0,
                    "y": 0
                }
            },
            "inventoryUrl": "./resources/objects/images/ropeHookInv.png",
            "gridPosition": {
                "x": 9,
                "y": 1
            },
            "offset": {
                "x": 0,
                "y": 0
            },
            "visualPosition": {
                "x": 0,
                "y": 0
            },
            "dimensions": {
                "width": 1,
                "height": 1
            },
            "comment": "Key for unlocking door to researchRoom from libraryFoyer"
        },
        "objectKeyToDen": {
            "name": {
                "en": "Old Rusty Key",
                "es": "Llave oxidada",
                "de": "Alter rostiger Schlüssel",
                "it": "Vecchia chiave arrugginita",
                "fr": "Vieille clé rouillée"
            },
            "interactable": {
                "specialNpcObjectStandIn" : false,
                "canHover": true,
                "canPush": false,
                "canPull": false,
                "canOpen": false,
                "canPickUp": false,
                "canUse": false,
                "canUseWith": true, 
                "canGive": false,
                "stackable": false,
                "quantity": 1,
                "decrementQuantityOnUse": false,
                "activeStatus": true,
                "alreadyUsed": false
            },
            "usedOn": {
                "objectUse": "",
                "actionUse1": "",
                "actionUse2": "",
                "objectUseWith1": "objectDoorSeedyGuyAlleyDen",
                "npcUseWith1": "",
                "actionUseWith11": "unlockDenDoor",
                "actionUseWith12": "",
                "useTogetherLocation": "seedyGuyAlley",
                "npcGiveTo": "",
                "actionGive1": "",
                "actionGive2": "",
                "actionPickUp": ""
            },
            "objectPlacementLocation": "",
            "activeSpriteUrl": "s1",
            "spriteUrl": {
                "s1": "",
                "s2": ""
            },
            "visualAnimatedStateOffsets": {
                "s1": {
                    "x": 0,
                    "y": 0
                },
                "s2": {
                    "x": 0,
                    "y": 0
                }
            },
            "inventoryUrl": "./resources/objects/images/keyDenInv.png",
            "gridPosition": {
                "x": 61,
                "y": 34
            },
            "offset": {
                "x": 0,
                "y": 0
            },
            "visualPosition": {
                "x": 0,
                "y": 0
            },
            "dimensions": {
                "width": 1,
                "height": 1
            },
            "comment": "Key for unlocking door to den from seedyGuyAlley"
        },
        "objectPaperWithInstructionsScrawledOn": {
            "name": {
                "en": "Paper with instructions scrawled on",
                "es": "Papel con instrucciones garabateadas",
                "de": "Papier mit gekritzelten Anweisungen",
                "it": "Foglio con istruzioni scarabocchiate",
                "fr": "Papier avec des instructions griffonnées"
            },
            "interactable": {
                "specialNpcObjectStandIn" : false,
                "canHover": true,
                "canPush": false,
                "canPull": false,
                "canOpen": false,
                "canPickUp": true,
                "canUse": false,
                "canUseWith": false, 
                "canGive": true,
                "stackable": false,
                "quantity": 1,
                "decrementQuantityOnUse": true,
                "activeStatus": true,
                "alreadyUsed": false
            },
            "usedOn": {
                "objectUse": "",
                "actionUse1": "",
                "actionUse2": "",
                "objectUseWith1": "objectDoorLibraryFoyerResearchRoom",
                "npcUseWith1": "",
                "actionUseWith11": "unlockResearchRoomDoor",
                "actionUseWith12": "",
                "useTogetherLocation": "debugRoom",
                "npcGiveTo": "npcLibrarian1",
                "actionGive1": "giveKeyToLibrarian",
                "actionGive2": "",
                "actionPickUp": ""
            },
            "objectPlacementLocation": "debugRoom",
            "activeSpriteUrl": "s1",
            "spriteUrl": {
                "s1": "./resources/objects/images/debug/paperScrawledOnWorld.png",
                "s2": "./resources/objects/images/debug/paperScrawledOnWorld.png"
            },
            "visualAnimatedStateOffsets": {
                "s1": {
                    "x": 0,
                    "y": 0
                },
                "s2": {
                    "x": 0,
                    "y": 0
                }
            },
            "inventoryUrl": "./resources/objects/images/paperScrawledOnInv.png",
            "gridPosition": {
                "x": 48,
                "y": 34
            },
            "offset": {
                "x": 0,
                "y": 0
            },
            "visualPosition": {
                "x": 0,
                "y": 0
            },
            "dimensions": {
                "width": 30,
                "height": 20
            },
            "comment": "Key for unlocking door to researchRoom from libraryFoyer"
        },
        "objectPliers": {
            "name": {
                "en": "Pliers",
                "es": "Alicates",
                "de": "Zange",
                "it": "Pinze",
                "fr": "Pince"
            },
            "interactable": {
                "specialNpcObjectStandIn" : false,
                "canHover": true,
                "canPush": false,
                "canPull": false,
                "canOpen": false,
                "canPickUp": true,
                "canUse": false,
                "canUseWith": true, 
                "canGive": false,
                "stackable": false,
                "quantity": 1,
                "decrementQuantityOnUse": false,
                "activeStatus": false,
                "alreadyUsed": false
            },
            "usedOn": {
                "objectUse": "",
                "actionUse1": "",
                "actionUse2": "",
                "objectUseWith1": "",
                "npcUseWith1": "npcCow",
                "actionUseWith11": "removeSplinterFromCowsHoof",
                "actionUseWith12": "",
                "useTogetherLocation": "debugRoom",
                "npcGiveTo": "",
                "actionGive1": "",
                "actionGive2": "",
                "actionPickUp": ""
            },
            "objectPlacementLocation": "debugRoom",
            "activeSpriteUrl": "s1",
            "spriteUrl": {
                "s1": "./resources/objects/images/pliersWorld.png",
                "s2": "./resources/objects/images/pliersWorld.png"
            },
            "visualAnimatedStateOffsets": {
                "s1": {
                    "x": 0,
                    "y": 0
                },
                "s2": {
                    "x": 0,
                    "y": 0
                }
            },
            "inventoryUrl": "./resources/objects/images/pliersInv.png",
            "gridPosition": {
                "x": 3,
                "y": 45
            },
            "offset": {
                "x": 0,
                "y": 0
            },
            "visualPosition": {
                "x": 0,
                "y": 0
            },
            "dimensions": {
                "width": 60,
                "height": 40
            },
            "comment": "Key for unlocking door to researchRoom from libraryFoyer"
        }
    }    
}
