{
    "generalComments1": "This file contains all NPCs, with fields to define their interactions, behaviors, and other properties in the game.",
    "generalComments2": "usedOn.useTogetherLocation can be a screenId or an object/npc if two elements can be used together anywhere, but they must both point to each other for this to work.",
    "generalComments3": "questPhase is the current phase ie if it is 0 you can give the monkey a banana for a battery if it is 1 you cannot but may be able to do something else",
    "generalComments4": "dialoguePhase is the current dialogue phase ie if it is 0 and you talk to the monkey, you will hear that the monkey is hungry, then 1 will be here take the battery, and 2 just chatter",
    "npcs": {
      "npcDonkey": {
        "name": {
          "en": "Donkey",
          "es": "Burro",
          "de": "Esel",
          "it": "Asino",
          "fr": "Âne"
        },
        "canMove": false,
        "measureMovementYOffset": 0,
        "activeMoveSequence": 0,
        "waypoints": {

        },                     
        "interactable": {
          "turnForDialogue": false,
          "canHover": true,
          "canTalk": false,
          "cantTalkDialogueNumber": 0,
          "dialoguePhase": 0,
          "questPhase": 0,
          "questCutOffNumber": 1,
          "questCutOffEvents": {
            "1": {
              "event": ""
            }
          },
          "canUseWith": false,
          "receiveObjectScenarioId": 0,
          "dialogueColor": "rgb(100, 100, 100)",
          "spokenToYet": false
        },
        "usedOn": {
          "useTogetherLocation": "",
          "objectCanReceive1": "objectCarrot",
          "objectCanReceive2": "",
          "objectCanReceive3": ""
        },
        "npcPlacementLocation": "stables",
        "activeSpriteUrl": "s1",
        "spriteUrl": {
          "s1": "./resources/npcs/donkeyOnRope.png",
          "s2": "./resources/npcs/donkeyNotOnRope.png",
          "s3": "./resources/npcs/blank.png"
        },
        "gridPosition": {
          "x": 35,
          "y": 35
        },
        "offset": {
          "x": -0.3,
          "y": 0
        },
        "visualPosition": {
          "x": 0,
          "y": 0
        },
        "dimensions": {
          "originalWidth": 12,
          "originalHeight": 20,
          "width": 0,
          "height": 0
        },
        "comment": "Can give it a carrot and then you can use it to free it so it opens the barn and take the rope"
      },
      "npcLibrarian": {
        "name": {
          "en": "Librarian",
          "es": "Bibliotecaria",
          "de": "Bibliothekarin",
          "it": "Bibliotecaria",
          "fr": "Bibliothécaire"
        },
        "canMove": false,
        "measureMovementYOffset": 0,
        "activeMoveSequence": 0,
        "waypoints": {

        },
        "interactable": {
          "turnForDialogue": false,
          "canHover": true,
          "canTalk": true,
          "cantTalkDialogueNumber": 0,
          "dialoguePhase": 0,
          "questPhase": 0,
          "questCutOffNumber": 2,
          "questCutOffEvents": {
            "2": {
              "event": "allowInteractionPileOfBooks"
            }
          },
          "canUseWith": false,
          "receiveObjectScenarioId": 0,
          "dialogueColor": "rgb(255, 0, 255)",
          "spokenToYet": false
        },
        "usedOn": {
          "useTogetherLocation": "",
          "objectCanReceive1": "objectKeyResearchRoom",
          "objectCanReceive2": "",
          "objectCanReceive3": ""
        },
        "npcPlacementLocation": "libraryFoyer",
        "activeSpriteUrl": "s1",
        "spriteUrl": {
          "s1": "./resources/npcs/librarian.png",
          "s2": "./resources/npcs/librarian.png"
        },
        "gridPosition": {
          "x": 16,
          "y": 35
        },
        "offset": {
          "x": 1.8,
          "y": -0.1
        },
        "visualPosition": {
          "x": 0,
          "y": 0
        },
        "dimensions": {
          "originalWidth": 2.33,
          "originalHeight": 10,
          "width": 0,
          "height": 0
        },
        "comment": "Librarian"
      },
      "npcTownDog": {
        "name": {
          "en": "Dog",
          "es": "Perro",
          "de": "Hund",
          "it": "Cane",
          "fr": "Chien"
        },
        "canMove": false,
        "measureMovementYOffset": 0,
        "activeMoveSequence": 0,
        "waypoints": {

        },
        "interactable": {
          "turnForDialogue": true,
          "canHover": true,
          "canTalk": true,
          "cantTalkDialogueNumber": 0,
          "dialoguePhase": 0,
          "questPhase": 0,
          "questCutOffNumber": 0,
          "questCutOffEvents": {
            "0": {
              "event": ""
            }
          },
          "canUseWith": false,
          "receiveObjectScenarioId": 0,
          "dialogueColor": "rgb(255, 255, 0)",
          "spokenToYet": false
        },
        "usedOn": {
          "useTogetherLocation": "",
          "objectCanReceive1": "objectMilkInBowl",
          "objectCanReceive2": "",
          "objectCanReceive3": ""
        },
        "npcPlacementLocation": "marketStreet",
        "activeSpriteUrl": "s1",
        "spriteUrl": {
          "s1": "./resources/npcs/townDogLeft.png",
          "s2": "./resources/npcs/townDogLeft.png",
          "s3": "./resources/npcs/townDogRight.png",
          "s4": "./resources/npcs/townDogNoBone.png"
        },
        "gridPosition": {
          "x": 65,
          "y": 45
        },
        "offset": {
          "x": 0,
          "y": 0
        },
        "visualPosition": {
          "x": 0,
          "y": 0
        },
        "dimensions": {
          "originalWidth": 4,
          "originalHeight": 7,
          "width": 0,
          "height": 0
        },
        "comment": "Town Dog gives bone if given Milk In Bowl"
      },
      "npcWomanLostMirror": {
        "name": {
          "en": "Young Woman",
          "es": "Joven Mujer",
          "de": "Junge Frau",
          "it": "Giovane Donna",
          "fr": "Jeune Femme"
        },
        "canMove": false,
        "measureMovementYOffset": 0,
        "activeMoveSequence": 0,
        "waypoints": {

        },
        "interactable": {
          "turnForDialogue": true,
          "canHover": true,
          "canTalk": true,
          "cantTalkDialogueNumber": 0,
          "dialoguePhase": 0,
          "questPhase": 0,
          "questCutOffNumber": 2,
          "questCutOffEvents": {
            "2": {
              "event": "makeMirrorGiveableToWoman"
            }
          },
          "canUseWith": false,
          "receiveObjectScenarioId": 0,
          "dialogueColor": "rgb(255, 180, 0)",
          "spokenToYet": false
        },
        "usedOn": {
          "useTogetherLocation": "",
          "objectCanReceive1": "objectParrotMirror",
          "objectCanReceive2": "",
          "objectCanReceive3": ""
        },
        "npcPlacementLocation": "marketStreet",
        "activeSpriteUrl": "s1",
        "spriteUrl": {
          "s1": "./resources/npcs/womanLostMirrorRight.png",
          "s2": "./resources/npcs/womanLostMirrorLeft.png",
          "s3": "./resources/npcs/womanLostMirrorRight.png"
        },
        "gridPosition": {
          "x": 45,
          "y": 40
        },
        "offset": {
          "x": 0,
          "y": 0
        },
        "visualPosition": {
          "x": 0,
          "y": 0
        },
        "dimensions": {
          "originalWidth": 3,
          "originalHeight": 17,
          "width": 0,
          "height": 0
        },
        "comment": "Woman give Key To Den if given objectParrotMirror"
      },
      "npcCow": {
        "name": {
          "en": "Cow",
          "es": "Vaca",
          "de": "Kuh",
          "it": "Mucca",
          "fr": "Vache"
        },
        "canMove": false,
        "measureMovementYOffset": 0,
        "activeMoveSequence": 0,
        "waypoints": {

        },
        "interactable": {
          "turnForDialogue": false,
          "canHover": false,
          "canTalk": false,
          "cantTalkDialogueNumber": 0,
          "dialoguePhase": 0,
          "questPhase": 0,
          "questCutOffNumber": 1,
          "questCutOffEvents": {
            "1": {
              "event": "makeCowNotTalkableAndPliersUseable"
            }
          },
          "canUseWith": false,
          "receiveObjectScenarioId": 0,
          "dialogueColor": "rgb(150, 150, 150)",
          "spokenToYet": false
        },
        "usedOn": {
          "useTogetherLocation": "",
          "objectCanReceive1": "",
          "objectCanReceive2": "",
          "objectCanReceive3": ""
        },
        "npcPlacementLocation": "",
        "activeSpriteUrl": "s1",
        "spriteUrl": {
          "s1": "./resources/npcs/cowPain.png",
          "s2": "./resources/npcs/cowHappy.png",
          "s3": "./resources/npcs/blank.png"
        },
        "gridPosition": {
          "x": 13,
          "y": 27
        },
        "offset": {
          "x": 1.8,
          "y": -0.1
        },
        "visualPosition": {
          "x": 0,
          "y": 0
        },
        "dimensions": {
          "originalWidth": 6,
          "originalHeight": 14,
          "width": 0,
          "height": 0
        },
        "comment": "Cow needs splinter removing with pliers so farmer appears"
      },
      "npcSeedyLookingGuy": {
        "name": {
          "en": "Seedy Looking Guy",
          "es": "Hombre de aspecto sospechoso",
          "de": "Zwielichtiger Typ",
          "it": "Uomo dall'aspetto losco",
          "fr": "Homme à l'air louche"
        },
        "canMove": false,
        "measureMovementYOffset": 0,
        "activeMoveSequence": 0,
        "waypoints": {

        },
        "interactable": {
          "turnForDialogue": false,
          "canHover": true,
          "canTalk": true,
          "cantTalkDialogueNumber": 0,
          "dialoguePhase": 0,
          "questPhase": 0,
          "questCutOffNumber": 2,
          "questCutOffEvents": {
            "1": {
              "event": ""
            }
          },
          "canUseWith": false,
          "receiveObjectScenarioId": 0,
          "dialogueColor": "rgb(34, 203, 223)",
          "spokenToYet": false
        },
        "usedOn": {
          "useTogetherLocation": "",
          "objectCanReceive1": "objectKeyToDen",
          "objectCanReceive2": "",
          "objectCanReceive3": ""
        },
        "npcPlacementLocation": "alley",
        "activeSpriteUrl": "s1",
        "spriteUrl": {
          "s1": "./resources/npcs/seedyGuy.png",
          "s2": "./resources/npcs/seedyGuy.png"
        },
        "gridPosition": {
          "x": 53,
          "y": 43
        },
        "offset": {
          "x": 1.8,
          "y": -0.1
        },
        "visualPosition": {
          "x": 0,
          "y": 0
        },
        "dimensions": {
          "originalWidth": 5,
          "originalHeight": 15,
          "width": 0,
          "height": 0
        },
        "comment": "Seedy Guy takes Illegible Map and Key To Den after player has opened it."
      },
      "npcCarpenter": {
        "name": {
          "en": "Carpenter",
          "es": "Carpintero",
          "de": "Zimmermann",
          "it": "Falegname",
          "fr": "Charpentier"
        },
        "canMove": false,
        "measureMovementYOffset": 0,
        "activeMoveSequence": 0,
        "waypoints": {
          "0": {"speed": 2, "startActions": {"action1": "", "duration1": null, "action2": "", "duration2": null, "action3": "", "duration3": null}, "target": {"x": 40, "y": 30, "action1": "", "duration1": "", "action2": "", "duration2": null, "action3": "", "duration3": null}, "points": [{"x": 40, "y": 25, "action1": "", "duration1": null, "action2": "", "duration2": null, "action3": "", "duration3": null}]},
          "1": {"speed": 2, "startActions": {"action1": "", "duration1": null, "action2": "", "duration2": null, "action3": "", "duration3": null}, "target": {"x": 30, "y": 59, "action1": "", "duration1": "", "action2": "", "duration2": null, "action3": "", "duration3": null}, "points": [{"x": 30, "y": 50, "action1": "", "duration1": null, "action2": "", "duration2": null, "action3": "", "duration3": null}]}
        },
        "interactable": {
          "turnForDialogue": true,
          "canHover": true,
          "canTalk": true,
          "cantTalkDialogueNumber": 0,
          "dialoguePhase": 0,
          "questPhase": 0,
          "questCutOffNumber": 0,
          "questCutOffEvents": {
            "0": {
              "event": "setCarpenterSpokenToTrue"
            },
            "1": {
              "event": ""
            },
            "2": {
              "event": ""
            }
          },
          "canUseWith": false,
          "receiveObjectScenarioId": 0,
          "dialogueColor": "rgb(186, 128, 128)",
          "spokenToYet": false
        },
        "usedOn": {
          "useTogetherLocation": "",
          "objectCanReceive1": "",
          "objectCanReceive2": "",
          "objectCanReceive3": ""
        },
        "npcPlacementLocation": "carpenter",
        "activeSpriteUrl": "s1",
        "spriteUrl": {
          "s1": "./resources/npcs/carpenterNpcBack.png",
          "s2": "./resources/npcs/carpenterNpcLeft.png",
          "s3": "./resources/npcs/carpenterNpcRight.png"
        },
        "gridPosition": {
          "x": 37,
          "y": 20
        },
        "offset": {
          "x": 0,
          "y": 0
        },
        "visualPosition": {
          "x": 0,
          "y": 0
        },
        "dimensions": {
          "originalWidth": 6,
          "originalHeight": 32,
          "width": 0,
          "height": 0
        },
        "comment": "Carpenter talks to player about nothing until triggered to talk about helping farmer and will then go away allowing user to pick up nails and pliers"
      },
      "npcFarmer": {
        "name": {
          "en": "Farmer",
          "es": "Granjero",
          "de": "Bauer",
          "it": "Contadino",
          "fr": "Fermier"
        },
        "canMove": false,
        "measureMovementYOffset": 0,
        "activeMoveSequence": 0,
        "waypoints": {
          "0": {"speed": 2, "startActions": {"action1": "", "duration1": null, "action2": "", "duration2": null, "action3": "", "duration3": null}, "target": {"x": 51, "y": 25, "action1": "", "duration1": "", "action2": "", "duration2": null, "action3": "", "duration3": null}, "points": [{"x": 42, "y": 33, "action1": "", "duration1": null, "action2": "", "duration2": null, "action3": "", "duration3": null}]}
        },
        "interactable": {
          "turnForDialogue": false,
          "canHover": false,
          "canTalk": true,
          "cantTalkDialogueNumber": 0,
          "dialoguePhase": 0,
          "questPhase": 0,
          "questCutOffNumber": 1,
          "questCutOffEvents": {
            "1": {
              "event": "makeFarmerNotTalkableAndSetCarpenterQuestPhaseAfterInitialDialogue"
            }
          },
          "canUseWith": false,
          "receiveObjectScenarioId": 0,
          "dialogueColor": "rgb(255, 168, 0)",
          "spokenToYet": false
        },
        "usedOn": {
          "useTogetherLocation": "",
          "objectCanReceive1": "",
          "objectCanReceive2": "",
          "objectCanReceive3": ""
        },
        "npcPlacementLocation": "",
        "activeSpriteUrl": "s1",
        "spriteUrl": {
          "s1": "./resources/npcs/farmer.png",
          "s2": "./resources/npcs/farmer.png"
        },
        "gridPosition": {
          "x": 24,
          "y": 26
        },
        "offset": {
          "x": 0,
          "y": 0
        },
        "visualPosition": {
          "x": 0,
          "y": 0
        },
        "dimensions": {
          "originalWidth": 6,
          "originalHeight": 17,
          "width": 0,
          "height": 0
        },
        "comment": "Carpenter talks to player about nothing until triggered to talk about helping farmer and will then go away allowing user to pick up nails and pliers"
      }
    }
  }