{
  "generalComments1": "generalComments are to tell the developer about some things in this file, and are not referenced in the game logic.",
  "generalComments2": "usedOn.objectUseWith1 can be another object or the screenId that an exit leads to",
  "generalComments3": "usedOn.useTogetherLocation can be a screenId or an object/npc if two elements can be used together anywhere, but they must both point to each other for this to work.",
  "generalComments4": "Doors: alreadyUsed will map to whether or not a locked door is opened.  False, the door is locked, True, it is unlocked, and this should always match the status field in the navigation screen for the exit",
  "generalComments5": "Doors: activeStatus refers to whether the state of the door is open or closed, and does not relate to whether it is locked. true is open, false is closed",
  "generalComments6": "canHover: Can be set to false and will stop user hovering and interacting for example object in canvas but invisible until they push something or look at something etc, can make not hoverable and add a blank png and replace it when it should become visible",
  "generalComments7": "name property of an object cannot have its last word as the same as another objects name ie one object is hook you can not use rope and hook, and check other languages too",
  "objects": {
    "objectBarrelBarn": {
      "name": {
        "en": "Dusty Barrel",
        "es": "Barril polvoriento",
        "de": "Staubiger Fass",
        "it": "Barile polveroso",
        "fr": "Tonneau poussiéreux"
      },
      "canMove": false,
      "measureMovementYOffset": 0,
      "activeMoveSequence": 0,
      "waypoints": {},
      "interactable": {
        "specialNpcObjectStandIn": false,
        "canHover": true,
        "canPush": false,
        "canPull": false,
        "canOpen": true,
        "canPickUp": false,
        "canPickUpNow": true,
        "canUse": true,
        "canUseWith": false,
        "canGive": false,
        "stackable": false,
        "quantity": 1,
        "decrementQuantityOnUse": false,
        "activeStatus": true,
        "alreadyUsed": false
      },
      "usedOn": {
        "objectUse": "",
        "actionUse1": "openBarrelBarn",
        "actionUse2": "",
        "objectUseWith1": "",
        "npcUseWith1": "",
        "actionUseWith11": "",
        "actionUseWith12": "",
        "useTogetherLocation": "barn",
        "npcGiveTo": "",
        "actionGive1": "",
        "actionGive2": "",
        "actionPickUp": "",
        "actionCanPickUpButNotYet": ""
      },
      "objectPlacementLocation": "barn",
      "activeSpriteUrl": "s1",
      "spriteUrl": {
        "s1": "./resources/objects/images/barrelBarnClosedWorld.png",
        "s2": "./resources/objects/images/barrelBarnOpenWorld.png",
        "s3": "./resources/objects/images/barrelBarnOpenHandleWorld.png"
      },
      "visualAnimatedStateOffsets": {
        "s1": {
          "x": 0,
          "y": 0
        },
        "s2": {
          "x": 0,
          "y": 0
        }
      },
      "inventoryUrl": "",
      "gridPosition": {
        "x": 50,
        "y": 45
      },
      "offset": {
        "x": 0,
        "y": 0
      },
      "visualPosition": {
        "x": 0,
        "y": 0
      },
      "dimensions": {
        "originalWidth": 3.33,
        "originalHeight": 10,
        "width": 0,
        "height": 0
      },
      "comment": "Barrel in Barn that you can open"
    },
    "objectGlove": {
      "name": {
        "en": "Old Red Glove",
        "es": "Viejo guante rojo",
        "de": "Alter roter Handschuh",
        "it": "Vecchio guanto rosso",
        "fr": "Vieux gant rouge"
      },
      "canMove": false,
      "measureMovementYOffset": 0,
      "activeMoveSequence": 0,
      "waypoints": {},
      "interactable": {
        "specialNpcObjectStandIn": false,
        "canHover": false,
        "canPush": false,
        "canPull": false,
        "canOpen": false,
        "canPickUp": true,
        "canPickUpNow": true,
        "canUse": false,
        "canUseWith": true,
        "canGive": false,
        "stackable": false,
        "quantity": 1,
        "decrementQuantityOnUse": false,
        "activeStatus": true,
        "alreadyUsed": false
      },
      "usedOn": {
        "objectUse": "",
        "actionUse1": "",
        "actionUse2": "",
        "objectUseWith1": "objectBarrelBarn",
        "npcUseWith1": "",
        "actionUseWith11": "useGloveToAddMalletToInventory",
        "actionUseWith12": "",
        "useTogetherLocation": "barn",
        "npcGiveTo": "",
        "actionGive1": "",
        "actionGive2": "",
        "actionPickUp": "",
        "actionCanPickUpButNotYet": ""
      },
      "objectPlacementLocation": "largePileOfPoo",
      "activeSpriteUrl": "s1",
      "spriteUrl": {
        "s1": "./resources/objects/images/blank.png",
        "s2": "./resources/objects/images/oldGRedGloveWorld.png"
      },
      "visualAnimatedStateOffsets": {
        "s1": {
          "x": 0,
          "y": 0
        },
        "s2": {
          "x": 0,
          "y": 0
        }
      },
      "inventoryUrl": "./resources/objects/images/oldGRedGloveInv.png",
      "gridPosition": {
        "x": 30,
        "y": 47
      },
      "offset": {
        "x": 0,
        "y": 0
      },
      "visualPosition": {
        "x": 0,
        "y": 0
      },
      "dimensions": {
        "originalWidth": 2,
        "originalHeight": 8,
        "width": 0,
        "height": 0
      },
      "comment": "Use glove on barrel to get mallet"
    },
    "objectBone": {
      "name": {
        "en": "Bone",
        "es": "Hueso",
        "de": "Knochen",
        "it": "Osso",
        "fr": "Os"
      },
      "canMove": false,
      "measureMovementYOffset": 0,
      "activeMoveSequence": 0,
      "waypoints": {},
      "interactable": {
        "specialNpcObjectStandIn": false,
        "canHover": true,
        "canPush": false,
        "canPull": false,
        "canOpen": false,
        "canPickUp": true,
        "canPickUpNow": true,
        "canUse": false,
        "canUseWith": true,
        "canGive": false,
        "stackable": false,
        "quantity": 1,
        "decrementQuantityOnUse": true,
        "activeStatus": true,
        "alreadyUsed": false
      },
      "usedOn": {
        "objectUse": "",
        "actionUse1": "",
        "actionUse2": "",
        "objectUseWith1": "",
        "npcUseWith1": "",
        "actionUseWith11": "",
        "actionUseWith12": "",
        "useTogetherLocation": "",
        "npcGiveTo": "",
        "actionGive1": "",
        "actionGive2": "",
        "actionPickUp": "",
        "actionCanPickUpButNotYet": ""
      },
      "objectPlacementLocation": "",
      "activeSpriteUrl": "s1",
      "spriteUrl": {
        "s1": "./resources/objects/images/boneWorld.png"
      },
      "visualAnimatedStateOffsets": {
        "s1": {
          "x": 0,
          "y": 0
        },
        "s2": {
          "x": 0,
          "y": 0
        }
      },
      "inventoryUrl": "./resources/objects/images/boneInv.png",
      "gridPosition": {
        "x": 17,
        "y": 1
      },
      "offset": {
        "x": 0,
        "y": 0
      },
      "visualPosition": {
        "x": 0,
        "y": 0
      },
      "dimensions": {
        "originalWidth": 1.33,
        "originalHeight": 2.4,
        "width": 0,
        "height": 0
      },
      "comment": "Dog's bone, it is revealed when player gives dog objectMilkInBowl"
    },
    "objectManholeCover": {
      "name": {
        "en": "Manhole Cover",
        "es": "Tapa",
        "de": "Kanaldeckel",
        "it": "Coperchio del tombino",
        "fr": "Plaque d'égout"
      },
      "canMove": false,
      "measureMovementYOffset": 0,
      "activeMoveSequence": 0,
      "waypoints": {},
      "interactable": {
        "specialNpcObjectStandIn": false,
        "canHover": true,
        "canPush": false,
        "canPull": false,
        "canOpen": false,
        "canPickUp": false,
        "canPickUpNow": false,
        "canUse": false,
        "canUseWith": false,
        "canGive": false,
        "stackable": false,
        "quantity": 1,
        "decrementQuantityOnUse": true,
        "activeStatus": false,
        "alreadyUsed": false
      },
      "usedOn": {
        "objectUse": "",
        "actionUse1": "",
        "actionUse2": "",
        "objectUseWith1": "",
        "npcUseWith1": "",
        "actionUseWith11": "",
        "actionUseWith12": "",
        "useTogetherLocation": "objectCrowbar",
        "npcGiveTo": "",
        "actionGive1": "",
        "actionGive2": "",
        "actionPickUp": "",
        "actionCanPickUpButNotYet": "showDialogueStuckFast"
      },
      "objectPlacementLocation": "house",
      "activeSpriteUrl": "s1",
      "spriteUrl": {
        "s1": "./resources/objects/images/manholeCoverFixed.png",
        "s2": "./resources/objects/images/manholeCover.png"
      },
      "visualAnimatedStateOffsets": {
        "s1": {
          "x": 0,
          "y": 0
        },
        "s2": {
          "x": 0,
          "y": 0
        }
      },
      "inventoryUrl": "",
      "gridPosition": {
        "x": 69,
        "y": 49
      },
      "offset": {
        "x": 0,
        "y": 0
      },
      "visualPosition": {
        "x": 0,
        "y": 0
      },
      "dimensions": {
        "originalWidth": 4.3,
        "originalHeight": 5,
        "width": 0,
        "height": 0
      },
      "comment": "Manhole cover for access to sewer"
    },
    "objectBowl": {
      "name": {
        "en": "Bowl",
        "es": "Cuenco",
        "de": "Schüssel",
        "it": "Ciotola",
        "fr": "Bol"
      },
      "canMove": false,
      "measureMovementYOffset": 0,
      "activeMoveSequence": 0,
      "waypoints": {},
      "interactable": {
        "specialNpcObjectStandIn": false,
        "canHover": true,
        "canPush": false,
        "canPull": false,
        "canOpen": false,
        "canPickUp": true,
        "canPickUpNow": true,
        "canUse": false,
        "canUseWith": true,
        "canGive": false,
        "stackable": false,
        "quantity": 1,
        "decrementQuantityOnUse": true,
        "activeStatus": true,
        "alreadyUsed": false
      },
      "usedOn": {
        "objectUse": "",
        "actionUse1": "",
        "actionUse2": "",
        "objectUseWith1": "objectMilkBottle",
        "npcUseWith1": "",
        "actionUseWith11": "combineMilkAndBowl",
        "actionUseWith12": "",
        "useTogetherLocation": "objectMilkBottle",
        "npcGiveTo": "",
        "actionGive1": "",
        "actionGive2": "",
        "actionPickUp": "",
        "actionCanPickUpButNotYet": ""
      },
      "objectPlacementLocation": "kitchen",
      "activeSpriteUrl": "s1",
      "spriteUrl": {
        "s1": "./resources/objects/images/bowlWorld.png",
        "s2": "./resources/objects/images/bowlWorld.png"
      },
      "visualAnimatedStateOffsets": {
        "s1": {
          "x": 0,
          "y": 0
        },
        "s2": {
          "x": 0,
          "y": 0
        }
      },
      "inventoryUrl": "./resources/objects/images/bowlInv.png",
      "gridPosition": {
        "x": 47,
        "y": 25
      },
      "offset": {
        "x": 0,
        "y": 0.5
      },
      "visualPosition": {
        "x": 0,
        "y": 0
      },
      "dimensions": {
        "originalWidth": 2.5,
        "originalHeight": 5,
        "width": 0,
        "height": 0
      },
      "comment": "Bowl to combine with Milk Bottle, for giving to Dog"
    },
    "objectCarrot": {
      "name": {
        "en": "Carrot",
        "es": "Zanahoria",
        "de": "Karotte",
        "it": "Carota",
        "fr": "Carotte"
      },
      "canMove": false,
      "measureMovementYOffset": 0,
      "activeMoveSequence": 0,
      "waypoints": {},
      "interactable": {
        "specialNpcObjectStandIn": false,
        "canHover": false,
        "canPush": false,
        "canPull": false,
        "canOpen": false,
        "canPickUp": true,
        "canPickUpNow": true,
        "canUse": false,
        "canUseWith": false,
        "canGive": true,
        "stackable": false,
        "quantity": 1,
        "decrementQuantityOnUse": true,
        "activeStatus": true,
        "alreadyUsed": false
      },
      "usedOn": {
        "objectUse": "",
        "actionUse1": "",
        "actionUse2": "",
        "objectUseWith1": "",
        "npcUseWith1": "",
        "actionUseWith11": "",
        "actionUseWith12": "",
        "useTogetherLocation": "",
        "npcGiveTo": "npcDonkey",
        "actionGive1": "giveCarrotToDonkey",
        "actionGive2": "",
        "actionPickUp": "",
        "actionCanPickUpButNotYet": ""
      },
      "objectPlacementLocation": "largePileOfPoo",
      "activeSpriteUrl": "s1",
      "spriteUrl": {
        "s1": "./resources/objects/images/blank.png",
        "s2": "./resources/objects/images/carrotWorld.png"
      },
      "visualAnimatedStateOffsets": {
        "s1": {
          "x": 0,
          "y": 0
        },
        "s2": {
          "x": 0,
          "y": 0
        }
      },
      "inventoryUrl": "./resources/objects/images/carrotInv.png",
      "gridPosition": {
        "x": 33,
        "y": 47
      },
      "offset": {
        "x": 0,
        "y": 0
      },
      "visualPosition": {
        "x": 0,
        "y": 0
      },
      "dimensions": {
        "originalWidth": 2,
        "originalHeight": 8,
        "width": 0,
        "height": 0
      },
      "comment": "Give carrot to donkey in order to show objectDonkeyRope and move the donkey so can access barn"
    },
    "objectCrowbar": {
      "name": {
        "en": "Crowbar",
        "es": "Palanca",
        "de": "Brechstange",
        "it": "Piede di porco",
        "fr": "Pied-de-biche"
      },
      "canMove": false,
      "measureMovementYOffset": 0,
      "activeMoveSequence": 0,
      "waypoints": {},
      "interactable": {
        "specialNpcObjectStandIn": false,
        "canHover": true,
        "canPush": false,
        "canPull": false,
        "canOpen": false,
        "canPickUp": true,
        "canPickUpNow": true,
        "canUse": false,
        "canUseWith": true,
        "canGive": false,
        "stackable": false,
        "quantity": 1,
        "decrementQuantityOnUse": false,
        "activeStatus": true,
        "alreadyUsed": false
      },
      "usedOn": {
        "objectUse": "",
        "actionUse1": "",
        "actionUse2": "",
        "objectUseWith1": "objectManholeCover",
        "npcUseWith1": "",
        "actionUseWith11": "useCrowBarOnManholeCover",
        "actionUseWith12": "",
        "useTogetherLocation": "objectManholeCover",
        "npcGiveTo": "",
        "actionGive1": "",
        "actionGive2": "",
        "actionPickUp": "",
        "actionCanPickUpButNotYet": ""
      },
      "objectPlacementLocation": "den",
      "activeSpriteUrl": "s1",
      "spriteUrl": {
        "s1": "./resources/objects/images/crowBarWorld.png",
        "s2": "./resources/objects/images/crowBarWorld.png"
      },
      "visualAnimatedStateOffsets": {
        "s1": {
          "x": 0,
          "y": 0
        },
        "s2": {
          "x": 0,
          "y": 0
        }
      },
      "inventoryUrl": "./resources/objects/images/crowBarInv.png",
      "gridPosition": {
        "x": 48,
        "y": 43
      },
      "offset": {
        "x": 0,
        "y": 0
      },
      "visualPosition": {
        "x": 0,
        "y": 0
      },
      "dimensions": {
        "originalWidth": 3.33,
        "originalHeight": 8,
        "width": 0,
        "height": 0
      },
      "comment": "Crowbar for breaking in to house placed in den"
    },
    "objectDonkeyFake": {
      "name": {
        "en": "Donkey ",
        "es": "Burro ",
        "de": "Esel ",
        "it": "Asino ",
        "fr": "Âne "
      },
      "canMove": false,
      "measureMovementYOffset": 0,
      "activeMoveSequence": 0,
      "waypoints": {
        "0": {"speed": 2, "startActions": {"action1": "", "duration1": null, "action2": "", "duration2": null, "action3": "", "duration3": null}, "target": {"x": 1, "y": 59, "action1": "", "duration1": "", "action2": "", "duration2": null, "action3": "", "duration3": null}, "points": [{"x": 20, "y": 40, "action1": "", "duration1": null, "action2": "", "duration2": null, "action3": "", "duration3": null}]}
      },
      "interactable": {
        "specialNpcObjectStandIn": true,
        "canHover": true,
        "canPush": false,
        "canPull": false,
        "canOpen": false,
        "canPickUp": false,
        "canPickUpNow": true,
        "canUse": true,
        "canUseWith": false,
        "canGive": false,
        "stackable": false,
        "quantity": 1,
        "decrementQuantityOnUse": false,
        "activeStatus": true,
        "alreadyUsed": false,
        "dialogueColor": "rgb(100, 100, 100)"
      },
      "usedOn": {
        "objectUse": "./resources/backgrounds/stablesTemp.png",
        "actionUse1": "changeCanvasBgTemp",
        "actionUse2": "donkeyMoveRopeAvailable",
        "objectUseWith1": "",
        "npcUseWith1": "",
        "actionUseWith11": "",
        "actionUseWith12": "",
        "useTogetherLocation": "",
        "npcGiveTo": "",
        "actionGive1": "",
        "actionGive2": "",
        "actionPickUp": "",
        "actionCanPickUpButNotYet": ""
      },
      "objectPlacementLocation": "",
      "activeSpriteUrl": "s2",
      "spriteUrl": {
        "s1": "",
        "s2": "./resources/objects/images/donkeyOnRopeHappy.png",
        "s3": "./resources/objects/images/donkeyNotOnRopeLeft.png",
        "s4": "./resources/objects/images/donkeyNotOnRopeRight.png"
      },
      "visualAnimatedStateOffsets": {
        "s1": {
          "x": 0,
          "y": 0
        },
        "s2": {
          "x": 0,
          "y": 0
        }
      },
      "inventoryUrl": "",
      "gridPosition": {
        "x": 12,
        "y": 1
      },
      "offset": {
        "x": 0,
        "y": 0
      },
      "visualPosition": {
        "x": 0,
        "y": 0
      },
      "dimensions": {
        "originalWidth": 8,
        "originalHeight": 28,
        "width": 0,
        "height": 0
      },
      "comment": "Object instance of Donkey npc that can be used to show the rope, the space after the name is important or the code wont work"
    },
    "objectDonkeyRope": {
      "name": {
        "en": "Rope",
        "es": "Cuerda",
        "de": "Seil",
        "it": "Corda",
        "fr": "Corde"
      },
      "canMove": false,
      "measureMovementYOffset": 0,
      "activeMoveSequence": 0,
      "waypoints": {},
      "interactable": {
        "specialNpcObjectStandIn": false,
        "canHover": true,
        "canPush": false,
        "canPull": false,
        "canOpen": false,
        "canPickUp": true,
        "canPickUpNow": true,
        "canUse": false,
        "canUseWith": true,
        "canGive": false,
        "stackable": false,
        "quantity": 1,
        "decrementQuantityOnUse": true,
        "activeStatus": true,
        "alreadyUsed": false
      },
      "usedOn": {
        "objectUse": "",
        "actionUse1": "",
        "actionUse2": "",
        "objectUseWith1": "objectParrotHook",
        "npcUseWith1": "",
        "actionUseWith11": "combineRopeAndHook",
        "actionUseWith12": "",
        "useTogetherLocation": "objectParrotHook",
        "npcGiveTo": "",
        "actionGive1": "",
        "actionGive2": "",
        "actionPickUp": "",
        "actionCanPickUpButNotYet": ""
      },
      "objectPlacementLocation": "",
      "activeSpriteUrl": "s1",
      "spriteUrl": {
        "s1": "./resources/objects/images/ropeWorld.png"
      },
      "visualAnimatedStateOffsets": {
        "s1": {
          "x": 0,
          "y": 0
        },
        "s2": {
          "x": 0,
          "y": 0
        }
      },
      "inventoryUrl": "./resources/objects/images/ropeInv.png",
      "gridPosition": {
        "x": 1,
        "y": 1
      },
      "offset": {
        "x": 0,
        "y": 0
      },
      "visualPosition": {
        "x": 0,
        "y": 0
      },
      "dimensions": {
        "originalWidth": 6,
        "originalHeight": 11,
        "width": 0,
        "height": 0
      },
      "comment": "Key for unlocking door to researchRoom from libraryFoyer"
    },
    "objectDoorLibraryFoyerMarketStreet": {
      "name": {
        "en": "Library Exit Door",
        "es": "Puerta de Salida de la Biblioteca",
        "de": "Bibliotheksausgangstür",
        "it": "Porta di Uscita della Biblioteca",
        "fr": "Porte de Sortie de la Bibliothèque"
      },
      "canMove": false,
      "measureMovementYOffset": 0,
      "activeMoveSequence": 0,
      "waypoints": {},
      "interactable": {
        "canHover": true,
        "canPush": false,
        "canPull": false,
        "canOpen": true,
        "canPickUp": false,
        "canPickUpNow": true,
        "canUse": true,
        "canUseWith": false,
        "canGive": false,
        "stackable": false,
        "quantity": 1,
        "decrementQuantityOnUse": false,
        "activeStatus": false,
        "alreadyUsed": true
      },
      "usedOn": {
        "objectUse": "",
        "actionUse1": "openCloseGenericUnlockedDoor",
        "actionUse2": "",
        "objectUseWith1": "",
        "actionUseWith11": "",
        "actionUseWith12": "",
        "useTogetherLocation": "",
        "npcGiveTo": "",
        "actionGive1": "",
        "actionGive2": "",
        "actionPickUp": "",
        "actionCanPickUpButNotYet": ""
      },
      "objectPlacementLocation": "libraryFoyer",
      "activeSpriteUrl": "s1",
      "spriteUrl": {
        "s1": "./resources/objects/images/libraryFoyer_Exit_MarketStreetClosed.png",
        "s2": "./resources/objects/images/libraryFoyer_Exit_MarketStreetOpen.png"
      },
      "visualAnimatedStateOffsets": {
        "s1": {
          "x": 0,
          "y": 0
        },
        "s2": {
          "x": 55,
          "y": 18
        }
      },
      "inventoryUrl": "",
      "gridPosition": {
        "x": 49,
        "y": 32
      },
      "offset": {
        "x": -0.35,
        "y": 0.25
      },
      "visualPosition": {
        "x": 0,
        "y": 0
      },
      "dimensions": {
        "originalWidth": 4,
        "originalHeight": 27.5,
        "width": 0,
        "height": 0
      },
      "comment": "door from libraryFoyer to marketStreet, can be opened and closed from the start"
    },
    "objectDoorLibraryFoyerResearchRoom": {
      "name": {
        "en": "Wooden Door",
        "es": "Puerta de madera",
        "de": "Holztür",
        "it": "Porta di legno",
        "fr": "Porte en bois"
      },
      "canMove": false,
      "measureMovementYOffset": 0,
      "activeMoveSequence": 0,
      "waypoints": {},
      "interactable": {
        "specialNpcObjectStandIn": false,
        "canHover": true,
        "canPush": false,
        "canPull": false,
        "canOpen": true,
        "canPickUp": false,
        "canPickUpNow": true,
        "canUse": true,
        "canUseWith": false,
        "canGive": false,
        "stackable": false,
        "quantity": 1,
        "decrementQuantityOnUse": false,
        "activeStatus": false,
        "alreadyUsed": false
      },
      "usedOn": {
        "objectUse": "",
        "actionUse1": "openCloseGenericUnlockedDoor",
        "actionUse2": "",
        "objectUseWith1": "",
        "actionUseWith11": "",
        "actionUseWith12": "",
        "useTogetherLocation": "libraryFoyer",
        "npcGiveTo": "",
        "actionGive1": "",
        "actionGive2": "",
        "actionPickUp": "",
        "actionCanPickUpButNotYet": ""
      },
      "objectPlacementLocation": "libraryFoyer",
      "activeSpriteUrl": "s1",
      "spriteUrl": {
        "s1": "./resources/objects/images/libraryFoyer_Exit_ResearchRoomClosed.png",
        "s2": "./resources/objects/images/libraryFoyer_Exit_ResearchRoomOpen.png"
      },
      "visualAnimatedStateOffsets": {
        "s1": {
          "x": 0,
          "y": 0
        },
        "s2": {
          "x": -60,
          "y": 0
        }
      },
      "inventoryUrl": "",
      "gridPosition": {
        "x": 37,
        "y": 32
      },
      "offset": {
        "x": 0.2,
        "y": -0.6
      },
      "visualPosition": {
        "x": 0,
        "y": 0
      },
      "dimensions": {
        "originalWidth": 3,
        "originalHeight": 14.4,
        "width": 0,
        "height": 0
      },
      "comment": "door from libraryFoyer to researchRoom, opened by using objectKeyResearchRoom on it"
    },
    "objectDoorToDen": {
      "name": {
        "en": "Big Solid Oak Door",
        "es": "Gran puerta de roble maciza",
        "de": "Große massive Eichenholz-Tür",
        "it": "Grande porta di quercia massiccia",
        "fr": "Grande porte en chêne massif"
      },
      "canMove": false,
      "measureMovementYOffset": 0,
      "activeMoveSequence": 0,
      "waypoints": {},
      "interactable": {
        "canHover": true,
        "canPush": false,
        "canPull": false,
        "canOpen": true,
        "canPickUp": false,
        "canPickUpNow": true,
        "canUse": true,
        "canUseWith": false,
        "canGive": false,
        "stackable": false,
        "quantity": 1,
        "decrementQuantityOnUse": false,
        "activeStatus": false,
        "alreadyUsed": false
      },
      "usedOn": {
        "objectUse": "",
        "actionUse1": "openCloseGenericUnlockedDoor",
        "actionUse2": "",
        "objectUseWith1": "",
        "actionUseWith11": "",
        "actionUseWith12": "",
        "useTogetherLocation": "seedyGuyAlley",
        "npcGiveTo": "",
        "actionGive1": "",
        "actionGive2": "",
        "actionPickUp": "",
        "actionCanPickUpButNotYet": ""
      },
      "objectPlacementLocation": "seedyGuyAlley",
      "activeSpriteUrl": "s1",
      "spriteUrl": {
        "s1": "./resources/objects/images/seedyGuyAlley_Exit_DenClosed.png",
        "s2": "./resources/objects/images/seedyGuyAlley_Exit_DenOpen.png"
      },
      "visualAnimatedStateOffsets": {
        "s1": {
          "x": 0,
          "y": 0
        },
        "s2": {
          "x": -37,
          "y": 0
        }
      },
      "inventoryUrl": "",
      "gridPosition": {
        "x": 47,
        "y": 29
      },
      "offset": {
        "x": 0.25,
        "y": 0
      },
      "visualPosition": {
        "x": 0,
        "y": 0
      },
      "dimensions": {
        "originalWidth": 3,
        "originalHeight": 6,
        "width": 0,
        "height": 0
      },
      "comment": "door from seedyGuyAlley to Den opens when objectKeyToDen used on it"
    },
    "objectIllegibleMap": {
      "name": {
        "en": "Illegible Map",
        "es": "Mapa ilegible",
        "de": "Unlesbare Karte",
        "it": "Mappa illeggibile",
        "fr": "Carte illisible"
      },
      "canMove": false,
      "measureMovementYOffset": 0,
      "activeMoveSequence": 0,
      "waypoints": {},
      "interactable": {
        "specialNpcObjectStandIn": false,
        "canHover": true,
        "canPush": false,
        "canPull": false,
        "canOpen": false,
        "canPickUp": true,
        "canPickUpNow": true,
        "canUse": false,
        "canUseWith": false,
        "canGive": true,
        "stackable": false,
        "quantity": 1,
        "decrementQuantityOnUse": true,
        "activeStatus": true,
        "alreadyUsed": false
      },
      "usedOn": {
        "objectUse": "",
        "actionUse1": "",
        "actionUse2": "",
        "objectUseWith1": "objectDoorLibraryFoyerResearchRoom",
        "npcUseWith1": "",
        "actionUseWith11": "unlockResearchRoomDoor",
        "actionUseWith12": "",
        "useTogetherLocation": "debugRoom",
        "npcGiveTo": "npcLibrarian1",
        "actionGive1": "giveKeyToLibrarian",
        "actionGive2": "",
        "actionPickUp": "",
        "actionCanPickUpButNotYet": ""
      },
      "objectPlacementLocation": "researchRoom",
      "activeSpriteUrl": "s1",
      "spriteUrl": {
        "s1": "./resources/objects/images/IllegibleMapWorld.png",
        "s2": "./resources/objects/images/IllegibleMapWorld.png"
      },
      "visualAnimatedStateOffsets": {
        "s1": {
          "x": 0,
          "y": 0
        },
        "s2": {
          "x": 0,
          "y": 0
        }
      },
      "inventoryUrl": "./resources/objects/images/IllegibleMapInv.png",
      "gridPosition": {
        "x": 25,
        "y": 16
      },
      "offset": {
        "x": 0.5,
        "y": 0
      },
      "visualPosition": {
        "x": 0,
        "y": 0
      },
      "dimensions": {
        "originalWidth": 5.33,
        "originalHeight": 12,
        "width": 0,
        "height": 0
      },
      "comment": "Key for unlocking door to researchRoom from libraryFoyer"
    },
    "objectKeyResearchRoom": {
      "name": {
        "en": "Key For Research Room",
        "es": "Llave para la sala de investigación",
        "de": "Schlüssel für den Forschungsraum",
        "it": "Chiave per la sala di ricerca",
        "fr": "Clé pour la salle de recherche"
      },
      "canMove": false,
      "measureMovementYOffset": 0,
      "activeMoveSequence": 0,
      "waypoints": {},
      "interactable": {
        "specialNpcObjectStandIn": false,
        "canHover": false,
        "canPush": false,
        "canPull": false,
        "canOpen": false,
        "canPickUp": true,
        "canPickUpNow": true,
        "canUse": false,
        "canUseWith": true,
        "canGive": true,
        "stackable": false,
        "quantity": 1,
        "decrementQuantityOnUse": false,
        "activeStatus": true,
        "alreadyUsed": false
      },
      "usedOn": {
        "objectUse": "",
        "actionUse1": "",
        "actionUse2": "",
        "objectUseWith1": "objectDoorLibraryFoyerResearchRoom",
        "npcUseWith1": "",
        "actionUseWith11": "unlockResearchRoomDoor",
        "actionUseWith12": "",
        "useTogetherLocation": "libraryFoyer",
        "npcGiveTo": "npcLibrarian1",
        "actionGive1": "giveKeyToLibrarian",
        "actionGive2": "",
        "actionPickUp": "",
        "actionCanPickUpButNotYet": ""
      },
      "objectPlacementLocation": "libraryFoyer",
      "activeSpriteUrl": "s1",
      "spriteUrl": {
        "s1": "./resources/objects/images/blank.png",
        "s2": "./resources/objects/images/goldKeyWorld.png"
      },
      "visualAnimatedStateOffsets": {
        "s1": {
          "x": 0,
          "y": 0
        },
        "s2": {
          "x": 0,
          "y": 0
        }
      },
      "inventoryUrl": "./resources/objects/images/goldKeyInv.png",
      "gridPosition": {
        "x": 15,
        "y": 52
      },
      "offset": {
        "x": 0,
        "y": 0
      },
      "visualPosition": {
        "x": 0,
        "y": 0
      },
      "dimensions": {
        "originalWidth": 2,
        "originalHeight": 4,
        "width": 0,
        "height": 0
      },
      "comment": "Key for unlocking door to researchRoom from libraryFoyer"
    },
    "objectKeyToDen": {
      "name": {
        "en": "Key for 'Den'",
        "es": "Llave para 'Guarida'",
        "de": "Schlüssel für 'Höhle'",
        "it": "Chiave per 'Covo'",
        "fr": "Clé pour 'Tanière'"
      },
      "canMove": false,
      "measureMovementYOffset": 0,
      "activeMoveSequence": 0,
      "waypoints": {},
      "interactable": {
        "specialNpcObjectStandIn": false,
        "canHover": true,
        "canPush": false,
        "canPull": false,
        "canOpen": false,
        "canPickUp": false,
        "canPickUpNow": true,
        "canUse": false,
        "canUseWith": true,
        "canGive": false,
        "stackable": false,
        "quantity": 1,
        "decrementQuantityOnUse": false,
        "activeStatus": true,
        "alreadyUsed": false
      },
      "usedOn": {
        "objectUse": "",
        "actionUse1": "",
        "actionUse2": "",
        "objectUseWith1": "objectDoorToDen",
        "npcUseWith1": "",
        "actionUseWith11": "unlockDenDoor",
        "actionUseWith12": "",
        "useTogetherLocation": "seedyGuyAlley",
        "npcGiveTo": "",
        "actionGive1": "",
        "actionGive2": "",
        "actionPickUp": "",
        "actionCanPickUpButNotYet": ""
      },
      "objectPlacementLocation": "",
      "activeSpriteUrl": "s1",
      "spriteUrl": {
        "s1": "",
        "s2": ""
      },
      "visualAnimatedStateOffsets": {
        "s1": {
          "x": 0,
          "y": 0
        },
        "s2": {
          "x": 0,
          "y": 0
        }
      },
      "inventoryUrl": "./resources/objects/images/keyDenInv.png",
      "gridPosition": {
        "x": 61,
        "y": 34
      },
      "offset": {
        "x": 0,
        "y": 0
      },
      "visualPosition": {
        "x": 0,
        "y": 0
      },
      "dimensions": {
        "originalWidth": 1,
        "originalHeight": 1,
        "width": 0,
        "height": 0
      },
      "comment": "Key for unlocking door to den from seedyGuyAlley"
    },
    "objectMallet": {
      "name": {
        "en": "Mallet",
        "es": "Mazo",
        "de": "Holzhammer",
        "it": "Mazzuolo",
        "fr": "Maillet"
      },
      "canMove": false,
      "measureMovementYOffset": 0,
      "activeMoveSequence": 0,
      "waypoints": {},
      "interactable": {
        "specialNpcObjectStandIn": false,
        "canHover": true,
        "canPush": false,
        "canPull": false,
        "canOpen": false,
        "canPickUp": true,
        "canPickUpNow": true,
        "canUse": false,
        "canUseWith": true,
        "canGive": false,
        "stackable": false,
        "quantity": 1,
        "decrementQuantityOnUse": false,
        "activeStatus": true,
        "alreadyUsed": false
      },
      "usedOn": {
        "objectUse": "",
        "actionUse1": "",
        "actionUse2": "",
        "objectUseWith1": "objectNails",
        "npcUseWith1": "",
        "actionUseWith11": "addPlankToBridge",
        "actionUseWith12": "checkIfEnoughPlanksOnBridge",
        "useTogetherLocation": "debugRoom",
        "npcGiveTo": "",
        "actionGive1": "",
        "actionGive2": "",
        "actionPickUp": "",
        "actionCanPickUpButNotYet": ""
      },
      "objectPlacementLocation": "",
      "activeSpriteUrl": "s1",
      "spriteUrl": {
        "s1": "./resources/objects/images/malletWorld.png"
      },
      "visualAnimatedStateOffsets": {
        "s1": {
          "x": 0,
          "y": 0
        },
        "s2": {
          "x": 0,
          "y": 0
        }
      },
      "inventoryUrl": "./resources/objects/images/malletInv.png",
      "gridPosition": {
        "x": 0,
        "y": 0
      },
      "offset": {
        "x": 0,
        "y": 0
      },
      "visualPosition": {
        "x": 0,
        "y": 0
      },
      "dimensions": {
        "originalWidth": 2,
        "originalHeight": 2,
        "width": 0,
        "height": 0
      },
      "comment": "Mallet for repairing bridge with nails"
    },
    "objectMilkBottle": {
      "name": {
        "en": "Milk Bottle",
        "es": "Botella de leche",
        "de": "Milchflasche",
        "it": "Bottiglia di latte",
        "fr": "Bouteille de lait"
      },
      "canMove": false,
      "measureMovementYOffset": 0,
      "activeMoveSequence": 0,
      "waypoints": {},
      "interactable": {
        "specialNpcObjectStandIn": false,
        "canHover": true,
        "canPush": false,
        "canPull": false,
        "canOpen": false,
        "canPickUp": true,
        "canPickUpNow": true,
        "canUse": false,
        "canUseWith": true,
        "canGive": false,
        "stackable": false,
        "quantity": 1,
        "decrementQuantityOnUse": true,
        "activeStatus": true,
        "alreadyUsed": false
      },
      "usedOn": {
        "objectUse": "",
        "actionUse1": "",
        "actionUse2": "",
        "objectUseWith1": "objectBowl",
        "npcUseWith1": "",
        "actionUseWith11": "combineMilkAndBowl",
        "actionUseWith12": "",
        "useTogetherLocation": "objectBowl",
        "npcGiveTo": "",
        "actionGive1": "",
        "actionGive2": "",
        "actionPickUp": "",
        "actionCanPickUpButNotYet": ""
      },
      "objectPlacementLocation": "seedyGuyAlley",
      "activeSpriteUrl": "s1",
      "spriteUrl": {
        "s1": "./resources/objects/images/milkBottleWorld.png",
        "s2": "./resources/objects/images/milkBottleWorld.png"
      },
      "visualAnimatedStateOffsets": {
        "s1": {
          "x": 0,
          "y": 0
        },
        "s2": {
          "x": 0,
          "y": 0
        }
      },
      "inventoryUrl": "./resources/objects/images/milkBottleInv.png",
      "gridPosition": {
        "x": 16,
        "y": 54
      },
      "offset": {
        "x": 0,
        "y": 0
      },
      "visualPosition": {
        "x": 0,
        "y": 0
      },
      "dimensions": {
        "originalWidth": 2,
        "originalHeight": 4,
        "width": 0,
        "height": 0
      },
      "comment": "Key for unlocking door to researchRoom from libraryFoyer"
    },
    "objectMilkInBowl": {
      "name": {
        "en": "Bowl of Milk",
        "es": "Cuenco de leche",
        "de": "Schüssel mit Milch",
        "it": "Ciotola di latte",
        "fr": "Bol de lait"
      },
      "canMove": false,
      "measureMovementYOffset": 0,
      "activeMoveSequence": 0,
      "waypoints": {},
      "interactable": {
        "specialNpcObjectStandIn": false,
        "canHover": false,
        "canPush": false,
        "canPull": false,
        "canOpen": false,
        "canPickUp": false,
        "canPickUpNow": true,
        "canUse": false,
        "canUseWith": false,
        "canGive": true,
        "stackable": false,
        "quantity": 1,
        "decrementQuantityOnUse": true,
        "activeStatus": true,
        "alreadyUsed": false
      },
      "usedOn": {
        "objectUse": "",
        "actionUse1": "",
        "actionUse2": "",
        "objectUseWith1": "",
        "npcUseWith1": "",
        "actionUseWith11": "",
        "actionUseWith12": "",
        "useTogetherLocation": "debugRoom",
        "npcGiveTo": "npcTownDog",
        "actionGive1": "giveDogBowlOfMilk",
        "actionGive2": "",
        "actionPickUp": "",
        "actionCanPickUpButNotYet": ""
      },
      "objectPlacementLocation": "",
      "activeSpriteUrl": "s1",
      "spriteUrl": {
        "s1": "./resources/objects/images/blank.png",
        "s2": "./resources/objects/images/blank.png"
      },
      "visualAnimatedStateOffsets": {
        "s1": {
          "x": 0,
          "y": 0
        },
        "s2": {
          "x": 0,
          "y": 0
        }
      },
      "inventoryUrl": "./resources/objects/images/milkInBowlInv.png",
      "gridPosition": {
        "x": 27,
        "y": 52
      },
      "offset": {
        "x": 0,
        "y": 0
      },
      "visualPosition": {
        "x": 0,
        "y": 0
      },
      "dimensions": {
        "originalWidth": 2,
        "originalHeight": 4,
        "width": 0,
        "height": 0
      },
      "comment": "Give this to dog and it will drop its bone"
    },
    "objectNails": {
      "name": {
        "en": "Nails",
        "es": "Clavos",
        "de": "Nägel",
        "it": "Chiodi",
        "fr": "Clous"
      },
      "canMove": false,
      "measureMovementYOffset": 0,
      "activeMoveSequence": 0,
      "waypoints": {},
      "interactable": {
        "specialNpcObjectStandIn": false,
        "canHover": true,
        "canPush": false,
        "canPull": false,
        "canOpen": false,
        "canPickUp": true,
        "canPickUpNow": false,
        "canUse": false,
        "canUseWith": true,
        "canGive": false,
        "stackable": false,
        "quantity": 1,
        "decrementQuantityOnUse": true,
        "activeStatus": true,
        "alreadyUsed": false
      },
      "usedOn": {
        "objectUse": "",
        "actionUse1": "",
        "actionUse2": "",
        "objectUseWith1": "",
        "npcUseWith1": "",
        "actionUseWith11": "",
        "actionUseWith12": "",
        "useTogetherLocation": "riverCrossing",
        "npcGiveTo": "",
        "actionGive1": "",
        "actionGive2": "",
        "actionPickUp": "",
        "actionCanPickUpButNotYet": "carpenterStopPlayerPickingUpItemsEarly"
      },
      "objectPlacementLocation": "carpenter",
      "activeSpriteUrl": "s1",
      "spriteUrl": {
        "s1": "./resources/objects/images/nailsWorld.png",
        "s2": "./resources/objects/images/nailsWorld.png"
      },
      "visualAnimatedStateOffsets": {
        "s1": {
          "x": 0,
          "y": 0
        },
        "s2": {
          "x": 0,
          "y": 0
        }
      },
      "inventoryUrl": "./resources/objects/images/nailsInv.png",
      "gridPosition": {
        "x": 48,
        "y": 32
      },
      "offset": {
        "x": 0,
        "y": 0
      },
      "visualPosition": {
        "x": 0,
        "y": 0
      },
      "dimensions": {
        "originalWidth": 2,
        "originalHeight": 4,
        "width": 0,
        "height": 0
      },
      "comment": "Nails to use on bridge with Mallet"
    },
    "objectPaperWithInstructionsScrawledOn": {
      "name": {
        "en": "Paper with instructions scrawled on",
        "es": "Papel con instrucciones garabateadas",
        "de": "Papier mit gekritzelten Anweisungen",
        "it": "Foglio con istruzioni scarabocchiate",
        "fr": "Papier avec des instructions griffonnées"
      },
      "canMove": false,
      "measureMovementYOffset": 0,
      "activeMoveSequence": 0,
      "waypoints": {},
      "interactable": {
        "specialNpcObjectStandIn": false,
        "canHover": true,
        "canPush": false,
        "canPull": false,
        "canOpen": false,
        "canPickUp": true,
        "canPickUpNow": true,
        "canUse": false,
        "canUseWith": false,
        "canGive": true,
        "stackable": false,
        "quantity": 1,
        "decrementQuantityOnUse": true,
        "activeStatus": true,
        "alreadyUsed": false
      },
      "usedOn": {
        "objectUse": "",
        "actionUse1": "",
        "actionUse2": "",
        "objectUseWith1": "",
        "npcUseWith1": "",
        "actionUseWith11": "",
        "actionUseWith12": "",
        "useTogetherLocation": "",
        "npcGiveTo": "",
        "actionGive1": "",
        "actionGive2": "",
        "actionPickUp": "",
        "actionCanPickUpButNotYet": ""
      },
      "objectPlacementLocation": "",
      "activeSpriteUrl": "s1",
      "spriteUrl": {
        "s1": "",
        "s2": ""
      },
      "visualAnimatedStateOffsets": {
        "s1": {
          "x": 0,
          "y": 0
        },
        "s2": {
          "x": 0,
          "y": 0
        }
      },
      "inventoryUrl": "./resources/objects/images/paperScrawledOnInv.png",
      "gridPosition": {
        "x": 27,
        "y": 52
      },
      "offset": {
        "x": 0,
        "y": 0
      },
      "visualPosition": {
        "x": 0,
        "y": 0
      },
      "dimensions": {
        "originalWidth": 2,
        "originalHeight": 4,
        "width": 0,
        "height": 0
      },
      "comment": "A clue for the player for repairing the bridge"
    },
    "objectParrotFlyer": {
      "name": {
        "en": "Useless Flyer For Closed Down Bird Park",
        "es": "Folleto inútil del parque de aves cerrado",
        "de": "Nutzloser Flyer für geschlossenen Vogelpark",
        "it": "Volantino inutile per il parco ornitologico chiuso",
        "fr": "Flyer inutile pour un parc d'oiseaux fermé"
      },
      "canMove": false,
      "measureMovementYOffset": 0,
      "activeMoveSequence": 0,
      "waypoints": {},
      "interactable": {
        "specialNpcObjectStandIn": false,
        "canHover": false,
        "canPush": false,
        "canPull": false,
        "canOpen": false,
        "canPickUp": false,
        "canPickUpNow": true,
        "canUse": false,
        "canUseWith": true,
        "canGive": false,
        "stackable": false,
        "quantity": 1,
        "decrementQuantityOnUse": true,
        "activeStatus": true,
        "alreadyUsed": false
      },
      "usedOn": {
        "objectUse": "",
        "actionUse1": "",
        "actionUse2": "",
        "objectUseWith1": "objectParrotHook",
        "npcUseWith1": "",
        "actionUseWith11": "placeParrotFlyerOnHook",
        "actionUseWith12": "",
        "useTogetherLocation": "bigTree",
        "npcGiveTo": "",
        "actionGive1": "",
        "actionGive2": "",
        "actionPickUp": "",
        "actionCanPickUpButNotYet": ""
      },
      "objectPlacementLocation": "",
      "activeSpriteUrl": "s1",
      "spriteUrl": {
        "s1": "./resources/objects/images/blank.png",
        "s2": "./resources/objects/images/parrotFlyerWorld.png"
      },
      "visualAnimatedStateOffsets": {
        "s1": {
          "x": 0,
          "y": 0
        },
        "s2": {
          "x": 0,
          "y": 0
        }
      },
      "inventoryUrl": "./resources/objects/images/parrotFlyerInv.png",
      "gridPosition": {
        "x": 1,
        "y": 1
      },
      "offset": {
        "x": 0,
        "y": 0
      },
      "visualPosition": {
        "x": 0,
        "y": 0
      },
      "dimensions": {
        "originalWidth": 2,
        "originalHeight": 4.6,
        "width": 0,
        "height": 0
      },
      "comment": "place over top of mirror and show when user takes mirror"
    },
    "objectParrotHook": {
      "name": {
        "en": "Hook",
        "es": "Gancho",
        "de": "Haken",
        "it": "Gancio",
        "fr": "Crochet"
      },
      "canMove": false,
      "measureMovementYOffset": 0,
      "activeMoveSequence": 0,
      "waypoints": {},
      "interactable": {
        "specialNpcObjectStandIn": false,
        "canHover": true,
        "canPush": false,
        "canPull": false,
        "canOpen": false,
        "canPickUp": false,
        "canPickUpNow": true,
        "canUse": false,
        "canUseWith": true,
        "canGive": false,
        "stackable": false,
        "quantity": 1,
        "decrementQuantityOnUse": true,
        "activeStatus": true,
        "alreadyUsed": false
      },
      "usedOn": {
        "objectUse": "",
        "actionUse1": "",
        "actionUse2": "",
        "objectUseWith1": "objectDonkeyRope",
        "npcUseWith1": "",
        "actionUseWith11": "combineRopeAndHook",
        "actionUseWith12": "",
        "useTogetherLocation": "bigTree",
        "npcGiveTo": "",
        "actionGive1": "",
        "actionGive2": "",
        "actionPickUp": "",
        "actionCanPickUpButNotYet": ""
      },
      "objectPlacementLocation": "bigTree",
      "activeSpriteUrl": "s1",
      "spriteUrl": {
        "s1": "./resources/objects/images/hookWorld.png",
        "s2": "./resources/objects/images/blank.png"
      },
      "visualAnimatedStateOffsets": {
        "s1": {
          "x": 0,
          "y": 0
        },
        "s2": {
          "x": 0,
          "y": 0
        }
      },
      "inventoryUrl": "./resources/objects/images/hookInv.png",
      "gridPosition": {
        "x": 47,
        "y": 31
      },
      "offset": {
        "x": 0,
        "y": 0
      },
      "visualPosition": {
        "x": 0,
        "y": 0
      },
      "dimensions": {
        "originalWidth": 2,
        "originalHeight": 3,
        "width": 0,
        "height": 0
      },
      "comment": "Hook for attaching parrotFlyer and can also be taken after this puzzle finishes and used with Rope"
    },
    "objectParrakeet": {
      "name": {
        "en": "Parrot",
        "es": "Loro",
        "de": "Papagei",
        "it": "Pappagallo",
        "fr": "Perroquet"
      },
      "canMove": false,
      "measureMovementYOffset": -5,
      "activeMoveSequence": 0,
      "waypoints": {
          "0": {"speed": 1, "startActions": {"action1": "", "duration1": null, "action2": "", "duration2": null, "action3": "", "duration3": null}, "target": {"x": 48, "y": 35, "action1": "pause", "duration1": 3000, "action2": "", "duration2": null, "action3": "", "duration3": null}, "points": [{"x": 51, "y": 35, "action1": "", "duration1": null, "action2": "", "duration2": null, "action3": "", "duration3": null}]},
          "99": {"speed": 1, "startActions": {"action1": "", "duration1": null, "action2": "", "duration2": null, "action3": "", "duration3": null}, "target": {"x": null, "y": null, "action1": "", "duration1": "", "action2": "", "duration2": null, "action3": "", "duration3": null}, "points": [{"x": null, "y": null, "action1": "", "duration1": null, "action2": "", "duration2": null, "action3": "", "duration3": null}]}
      },
      "interactable": {
        "specialNpcObjectStandIn": true,
        "canHover": true,
        "canPush": false,
        "canPull": false,
        "canOpen": false,
        "canPickUp": false,
        "canPickUpNow": true,
        "canUse": false,
        "canUseWith": false,
        "canGive": false,
        "stackable": false,
        "quantity": 1,
        "decrementQuantityOnUse": false,
        "activeStatus": true,
        "alreadyUsed": false,
        "dialogueColor": "rgb(0, 255, 0)"
      },
      "usedOn": {
        "objectUse": "",
        "actionUse1": "",
        "actionUse2": "",
        "objectUseWith1": "",
        "npcUseWith1": "",
        "actionUseWith11": "",
        "actionUseWith12": "",
        "useTogetherLocation": "",
        "npcGiveTo": "",
        "actionGive1": "",
        "actionGive2": "",
        "actionPickUp": "",
        "actionCanPickUpButNotYet": ""
      },
      "objectPlacementLocation": "bigTree",
      "activeSpriteUrl": "s1",
      "spriteUrl": {
        "s1": "./resources/objects/images/parrotRight.png",
        "s2": "./resources/objects/images/parrotLeft.png"
      },
      "visualAnimatedStateOffsets": {
        "s1": {
          "x": 0,
          "y": 0
        },
        "s2": {
          "x": 0,
          "y": 0
        }
      },
      "inventoryUrl": "",
      "gridPosition": {
        "x": 55,
        "y": 37
      },
      "offset": {
        "x": 0,
        "y": 0
      },
      "visualPosition": {
        "x": 0,
        "y": 0
      },
      "dimensions": {
        "originalWidth": 3.33,
        "originalHeight": 10,
        "width": 0,
        "height": 0
      },
      "comment": "Object instance of Parrot"
    },
    "objectParrotMirror": {
      "name": {
        "en": "Mirror",
        "es": "Espejo",
        "de": "Spiegel",
        "it": "Specchio",
        "fr": "Miroir"
      },
      "canMove": false,
      "measureMovementYOffset": 0,
      "activeMoveSequence": 0,
      "waypoints": {},
      "interactable": {
        "specialNpcObjectStandIn": false,
        "canHover": true,
        "canPush": false,
        "canPull": false,
        "canOpen": false,
        "canPickUp": false,
        "canPickUpNow": true,
        "canUse": false,
        "canUseWith": true,
        "canGive": false,
        "stackable": false,
        "quantity": 1,
        "decrementQuantityOnUse": true,
        "activeStatus": true,
        "alreadyUsed": false
      },
      "usedOn": {
        "objectUse": "",
        "actionUse1": "",
        "actionUse2": "",
        "objectUseWith1": "",
        "npcUseWith1": "",
        "actionUseWith11": "",
        "actionUseWith12": "",
        "useTogetherLocation": "bigTree",
        "npcGiveTo": "npcWomanLostMirror",
        "actionGive1": "giveWomanMirror",
        "actionGive2": "",
        "actionPickUp": "resetHookBackToTreePosition",
        "actionCanPickUpButNotYet": ""
      },
      "objectPlacementLocation": "bigTree",
      "activeSpriteUrl": "s1",
      "spriteUrl": {
        "s1": "./resources/objects/images/parrotMirrorWorld.png",
        "s2": "./resources/objects/images/parrotMirrorWorld.png"
      },
      "visualAnimatedStateOffsets": {
        "s1": {
          "x": 0,
          "y": 0
        },
        "s2": {
          "x": 0,
          "y": 0
        }
      },
      "inventoryUrl": "./resources/objects/images/parrotMirrorInv.png",
      "gridPosition": {
        "x": 57,
        "y": 36
      },
      "offset": {
        "x": 0.2,
        "y": 0
      },
      "visualPosition": {
        "x": 0,
        "y": 0
      },
      "dimensions": {
        "originalWidth": 2,
        "originalHeight": 4,
        "width": 0,
        "height": 0
      },
      "comment": "Give to npcWomanLostMirror to get objectKeyToDen"
    },
    "objectPileOfBooksLibraryFoyer": {
      "name": {
        "en": "Pile of Books",
        "es": "Pila de libros",
        "de": "Stapel Bücher",
        "it": "Pila di libri",
        "fr": "Pile de livres"
      },
      "canMove": false,
      "measureMovementYOffset": 0,
      "activeMoveSequence": 0,
      "waypoints": {},
      "interactable": {
        "specialNpcObjectStandIn": false,
        "canHover": false,
        "canPush": true,
        "canPull": true,
        "canOpen": false,
        "canPickUp": false,
        "canPickUpNow": true,
        "canUse": true,
        "canUseWith": false,
        "canGive": false,
        "stackable": false,
        "quantity": 1,
        "decrementQuantityOnUse": false,
        "activeStatus": true,
        "alreadyUsed": false
      },
      "usedOn": {
        "objectUse": "",
        "actionUse1": "moveBooksToGetResearchRoomKey",
        "actionUse2": "",
        "objectUseWith1": "",
        "npcUseWith1": "",
        "actionUseWith11": "",
        "actionUseWith12": "",
        "useTogetherLocation": "",
        "npcGiveTo": "",
        "actionGive1": "",
        "actionGive2": "",
        "actionPickUp": "",
        "actionCanPickUpButNotYet": ""
      },
      "objectPlacementLocation": "libraryFoyer",
      "activeSpriteUrl": "s1",
      "spriteUrl": {
        "s1": "./resources/objects/images/blank.png",
        "s2": "./resources/objects/images/blank.png"
      },
      "visualAnimatedStateOffsets": {
        "s1": {
          "x": 0,
          "y": 0
        },
        "s2": {
          "x": 0,
          "y": 0
        }
      },
      "inventoryUrl": "",
      "gridPosition": {
        "x": 19,
        "y": 50
      },
      "offset": {
        "x": 0,
        "y": 0
      },
      "visualPosition": {
        "x": 0,
        "y": 0
      },
      "dimensions": {
        "originalWidth": 9,
        "originalHeight": 8,
        "width": 0,
        "height": 0
      },
      "comment": "Pile of books you use or push or pull to get the key for the research room"
    },
    "objectPitchFork": {
      "name": {
        "en": "Pitch Fork",
        "es": "Horca",
        "de": "Heugabel",
        "it": "Forcone",
        "fr": "Fourche"
      },
      "canMove": false,
      "measureMovementYOffset": 0,
      "activeMoveSequence": 0,
      "waypoints": {},
      "interactable": {
        "specialNpcObjectStandIn": false,
        "canHover": true,
        "canPush": false,
        "canPull": false,
        "canOpen": false,
        "canPickUp": true,
        "canPickUpNow": true,
        "canUse": false,
        "canUseWith": true,
        "canGive": false,
        "stackable": false,
        "quantity": 1,
        "decrementQuantityOnUse": false,
        "activeStatus": true,
        "alreadyUsed": false
      },
      "usedOn": {
        "objectUse": "",
        "actionUse1": "",
        "actionUse2": "",
        "objectUseWith1": "objectLargePileOfPoo",
        "npcUseWith1": "",
        "actionUseWith11": "revealCarrotAndGlove",
        "actionUseWith12": "",
        "useTogetherLocation": "largePileOfPoo",
        "npcGiveTo": "",
        "actionGive1": "",
        "actionGive2": "",
        "actionPickUp": "",
        "actionCanPickUpButNotYet": ""
      },
      "objectPlacementLocation": "house",
      "activeSpriteUrl": "s1",
      "spriteUrl": {
        "s1": "./resources/objects/images/pitchForkWorld.png",
        "s2": "./resources/objects/images/pitchForkWorld.png"
      },
      "visualAnimatedStateOffsets": {
        "s1": {
          "x": 0,
          "y": 0
        },
        "s2": {
          "x": 0,
          "y": 0
        }
      },
      "inventoryUrl": "./resources/objects/images/pitchForkInv.png",
      "gridPosition": {
        "x": 27,
        "y": 35
      },
      "offset": {
        "x": 0,
        "y": 0
      },
      "visualPosition": {
        "x": 0,
        "y": 0
      },
      "dimensions": {
        "originalWidth": 3.33,
        "originalHeight": 8,
        "width": 0,
        "height": 0
      },
      "comment": "Key for unlocking door to researchRoom from libraryFoyer"
    },
    "objectPliers": {
      "name": {
        "en": "Pliers",
        "es": "Alicates",
        "de": "Zange",
        "it": "Pinze",
        "fr": "Pince"
      },
      "canMove": false,
      "measureMovementYOffset": 0,
      "activeMoveSequence": 0,
      "waypoints": {},
      "interactable": {
        "specialNpcObjectStandIn": false,
        "canHover": true,
        "canPush": false,
        "canPull": false,
        "canOpen": false,
        "canPickUp": true,
        "canPickUpNow": false,
        "canUse": false,
        "canUseWith": true,
        "canGive": false,
        "stackable": false,
        "quantity": 1,
        "decrementQuantityOnUse": false,
        "activeStatus": false,
        "alreadyUsed": false
      },
      "usedOn": {
        "objectUse": "",
        "actionUse1": "",
        "actionUse2": "",
        "objectUseWith1": "",
        "npcUseWith1": "npcCow",
        "actionUseWith11": "removeSplinterFromCowsHoof",
        "actionUseWith12": "",
        "useTogetherLocation": "npcCow",
        "npcGiveTo": "",
        "actionGive1": "",
        "actionGive2": "",
        "actionPickUp": "",
        "actionCanPickUpButNotYet": "carpenterStopPlayerPickingUpItemsEarly"
      },
      "objectPlacementLocation": "carpenter",
      "activeSpriteUrl": "s1",
      "spriteUrl": {
        "s1": "./resources/objects/images/pliersWorld.png",
        "s2": "./resources/objects/images/pliersWorld.png"
      },
      "visualAnimatedStateOffsets": {
        "s1": {
          "x": 0,
          "y": 0
        },
        "s2": {
          "x": 0,
          "y": 0
        }
      },
      "inventoryUrl": "./resources/objects/images/pliersInv.png",
      "gridPosition": {
        "x": 29,
        "y": 30
      },
      "offset": {
        "x": 0,
        "y": 0
      },
      "visualPosition": {
        "x": 0,
        "y": 0
      },
      "dimensions": {
        "originalWidth": 4,
        "originalHeight": 8,
        "width": 0,
        "height": 0
      },
      "comment": "Pliers for getting splinter from cow"
    },
    "objectPulleyWheel": {
      "name": {
        "en": "Pulley Wheel",
        "es": "Rueda de polea",
        "de": "Seilrolle",
        "it": "Ruota della puleggia",
        "fr": "Roue de poulie"
      },
      "canMove": false,
      "measureMovementYOffset": 0,
      "activeMoveSequence": 0,
      "waypoints": {},
      "interactable": {
        "specialNpcObjectStandIn": false,
        "canHover": true,
        "canPush": false,
        "canPull": false,
        "canOpen": false,
        "canPickUp": true,
        "canPickUpNow": true,
        "canUse": false,
        "canUseWith": true,
        "canGive": false,
        "stackable": false,
        "quantity": 1,
        "decrementQuantityOnUse": true,
        "activeStatus": true,
        "alreadyUsed": false
      },
      "usedOn": {
        "objectUse": "",
        "actionUse1": "",
        "actionUse2": "",
        "objectUseWith1": "objectSturdyAnchor",
        "npcUseWith1": "",
        "actionUseWith11": "combinePulleyAndSturdyAnchor",
        "actionUseWith12": "",
        "useTogetherLocation": "objectSturdyAnchor",
        "npcGiveTo": "",
        "actionGive1": "",
        "actionGive2": "",
        "actionPickUp": "",
        "actionCanPickUpButNotYet": ""
      },
      "objectPlacementLocation": "",
      "activeSpriteUrl": "s1",
      "spriteUrl": {
        "s1": "./resources/objects/images/pulleyWorld.png",
        "s2": "./resources/objects/images/pulleyWorld.png"
      },
      "visualAnimatedStateOffsets": {
        "s1": {
          "x": 0,
          "y": 0
        },
        "s2": {
          "x": 0,
          "y": 0
        }
      },
      "inventoryUrl": "./resources/objects/images/pulleyInv.png",
      "gridPosition": {
        "x": 37,
        "y": 52
      },
      "offset": {
        "x": 0.4,
        "y": 0.2
      },
      "visualPosition": {
        "x": 0,
        "y": 0
      },
      "dimensions": {
        "originalWidth": 2,
        "originalHeight": 4,
        "width": 0,
        "height": 0
      },
      "comment": "Pulley for combining with sturdy anchor at river crossing"
    },
    "objectRopeAndHook": {
      "name": {
        "en": "Hook'n'Rope",
        "es": "Gancho'n'Cuerda",
        "de": "Haken'n'Seil",
        "it": "Gancio'n'Corda",
        "fr": "Crochet'n'Corde"
      },
      "canMove": false,
      "measureMovementYOffset": 0,
      "activeMoveSequence": 0,
      "waypoints": {},
      "interactable": {
        "specialNpcObjectStandIn": false,
        "canHover": false,
        "canPush": false,
        "canPull": true,
        "canOpen": false,
        "canPickUp": false,
        "canPickUpNow": true,
        "canUse": true,
        "canUseWith": false,
        "canGive": false,
        "stackable": false,
        "quantity": 1,
        "decrementQuantityOnUse": false,
        "activeStatus": true,
        "alreadyUsed": false
      },
      "usedOn": {
        "objectUse": "",
        "actionUse1": "",
        "actionUse2": "",
        "objectUseWith1": "objectPulleyWheelPutCorrectOne",
        "npcUseWith1": "",
        "actionUseWith11": "actionWillBeToPutTheRopeInPlaceOnTheScreen",
        "actionUseWith12": "",
        "useTogetherLocation": "riverCrossing",
        "npcGiveTo": "",
        "actionGive1": "",
        "actionGive2": "",
        "actionPickUp": "",
        "actionCanPickUpButNotYet": ""
      },
      "objectPlacementLocation": "",
      "activeSpriteUrl": "s1",
      "spriteUrl": {
        "s1": "",
        "s2": ""
      },
      "visualAnimatedStateOffsets": {
        "s1": {
          "x": 0,
          "y": 0
        },
        "s2": {
          "x": 0,
          "y": 0
        }
      },
      "inventoryUrl": "./resources/objects/images/ropeHookInv.png",
      "gridPosition": {
        "x": 27,
        "y": 52
      },
      "offset": {
        "x": 0,
        "y": 0
      },
      "visualPosition": {
        "x": 0,
        "y": 0
      },
      "dimensions": {
        "originalWidth": 2,
        "originalHeight": 4,
        "width": 0,
        "height": 0
      },
      "comment": "Combined result of objectParrotHook and objectDonkeyRope used with Pulley once its on the branch at riverCrossing"
    },
    "objectSplinter": {
      "name": {
        "en": "Wood Splinter",
        "es": "Astilla de madera",
        "de": "Holzsplitter",
        "it": "Scheggia di legno",
        "fr": "Écharde de bois"
      },
      "canMove": false,
      "measureMovementYOffset": 0,
      "activeMoveSequence": 0,
      "waypoints": {},
      "interactable": {
        "specialNpcObjectStandIn": false,
        "canHover": false,
        "canPush": false,
        "canPull": false,
        "canOpen": false,
        "canPickUp": false,
        "canPickUpNow": true,
        "canUse": false,
        "canUseWith": true,
        "canGive": false,
        "stackable": false,
        "quantity": 1,
        "decrementQuantityOnUse": true,
        "activeStatus": true,
        "alreadyUsed": false
      },
      "usedOn": {
        "objectUse": "",
        "actionUse1": "",
        "actionUse2": "",
        "objectUseWith1": "objectPulleyWheel",
        "npcUseWith1": "",
        "actionUseWith11": "addSplinterToJamPulley",
        "actionUseWith12": "",
        "useTogetherLocation": "riverCrossingOrObjectPulleyWheel",
        "npcGiveTo": "",
        "actionGive1": "",
        "actionGive2": "",
        "actionPickUp": "",
        "actionCanPickUpButNotYet": ""
      },
      "objectPlacementLocation": "",
      "activeSpriteUrl": "s1",
      "spriteUrl": {
        "s1": "",
        "s2": ""
      },
      "visualAnimatedStateOffsets": {
        "s1": {
          "x": 0,
          "y": 0
        },
        "s2": {
          "x": 0,
          "y": 0
        }
      },
      "inventoryUrl": "./resources/objects/images/splinterInv.png",
      "gridPosition": {
        "x": 15,
        "y": 1
      },
      "offset": {
        "x": 0,
        "y": 0
      },
      "visualPosition": {
        "x": 0,
        "y": 0
      },
      "dimensions": {
        "originalWidth": 1,
        "originalHeight": 1,
        "width": 0,
        "height": 0
      },
      "comment": "Splinter stuck in cows foot that will jam the pulley wheel"
    },
    "objectSplinterJammedInPulley": {
      "name": {
        "en": "Pulley With Splinter Jammed In It",
        "es": "Polea con astilla atascada",
        "de": "Seilrolle mit eingeklemmtem Splitter",
        "it": "Puleggia con scheggia bloccata",
        "fr": "Poulie avec écharde coincée"
      },
      "canMove": false,
      "measureMovementYOffset": 0,
      "activeMoveSequence": 0,
      "waypoints": {},
      "interactable": {
        "specialNpcObjectStandIn": false,
        "canHover": true,
        "canPush": false,
        "canPull": false,
        "canOpen": false,
        "canPickUp": false,
        "canPickUpNow": true,
        "canUse": false,
        "canUseWith": false,
        "canGive": false,
        "stackable": false,
        "quantity": 1,
        "decrementQuantityOnUse": false,
        "activeStatus": true,
        "alreadyUsed": false
      },
      "usedOn": {
        "objectUse": "",
        "actionUse1": "",
        "actionUse2": "",
        "objectUseWith1": "",
        "npcUseWith1": "",
        "actionUseWith11": "",
        "actionUseWith12": "",
        "useTogetherLocation": "debugRoom",
        "npcGiveTo": "",
        "actionGive1": "",
        "actionGive2": "",
        "actionPickUp": "",
        "actionCanPickUpButNotYet": ""
      },
      "objectPlacementLocation": "debugRoom",
      "activeSpriteUrl": "s1",
      "spriteUrl": {
        "s1": "./resources/objects/images/splinterPulleyWorld.png",
        "s2": "./resources/objects/images/splinterPulleyWorld.png"
      },
      "visualAnimatedStateOffsets": {
        "s1": {
          "x": 0,
          "y": 0
        },
        "s2": {
          "x": 0,
          "y": 0
        }
      },
      "inventoryUrl": "",
      "gridPosition": {
        "x": 17,
        "y": 44
      },
      "offset": {
        "x": 0,
        "y": 0
      },
      "visualPosition": {
        "x": 0,
        "y": 0
      },
      "dimensions": {
        "originalWidth": 3.33,
        "originalHeight": 8,
        "width": 0,
        "height": 0
      },
      "comment": "Combined pulley wheel and splinter for jamming wood when hoisted"
    },
    "objectSturdyAnchor": {
      "name": {
        "en": "Sturdy Anchor",
        "es": "Gancho resistente",
        "de": "Stabiler Haken",
        "it": "Gancio robusto",
        "fr": "Crochet robuste"
      },
      "canMove": false,
      "measureMovementYOffset": 0,
      "activeMoveSequence": 0,
      "waypoints": {},
      "interactable": {
        "specialNpcObjectStandIn": false,
        "canHover": true,
        "canPush": false,
        "canPull": false,
        "canOpen": false,
        "canPickUp": false,
        "canPickUpNow": true,
        "canUse": false,
        "canUseWith": true,
        "canGive": false,
        "stackable": false,
        "quantity": 1,
        "decrementQuantityOnUse": true,
        "activeStatus": true,
        "alreadyUsed": false
      },
      "usedOn": {
        "objectUse": "",
        "actionUse1": "",
        "actionUse2": "",
        "objectUseWith1": "",
        "npcUseWith1": "",
        "actionUseWith11": "",
        "actionUseWith12": "",
        "useTogetherLocation": "objectPulleyWheel",
        "npcGiveTo": "",
        "actionGive1": "",
        "actionGive2": "",
        "actionPickUp": "",
        "actionCanPickUpButNotYet": ""
      },
      "objectPlacementLocation": "debugRoom",
      "activeSpriteUrl": "s1",
      "spriteUrl": {
        "s1": "./resources/objects/images/hookWorld.png",
        "s2": "./resources/objects/images/blank.png"
      },
      "visualAnimatedStateOffsets": {
        "s1": {
          "x": 0,
          "y": 0
        },
        "s2": {
          "x": 0,
          "y": 0
        }
      },
      "inventoryUrl": "./resources/objects/images/hookInv.png",
      "gridPosition": {
        "x": 66,
        "y": 33
      },
      "offset": {
        "x": 0.4,
        "y": 0.5
      },
      "visualPosition": {
        "x": 0,
        "y": 0
      },
      "dimensions": {
        "originalWidth": 1.66,
        "originalHeight": 3,
        "width": 0,
        "height": 0
      },
      "comment": "Anchor for attaching pulley wheel to on river crossing tree"
    },
    "objectLargePileOfPoo": {
      "name": {
        "en": "Huge Pile Of Poo",
        "es": "Montón enorme de caca",
        "de": "Großer Haufen Kot",
        "it": "Grande mucchio di cacca",
        "fr": "Énorme tas de caca"
      },
      "canMove": false,
      "measureMovementYOffset": 0,
      "activeMoveSequence": 0,
      "waypoints": {},
      "interactable": {
        "specialNpcObjectStandIn": false,
        "canHover": true,
        "canPush": false,
        "canPull": false,
        "canOpen": false,
        "canPickUp": true,
        "canPickUpNow": false,
        "canUse": false,
        "canUseWith": false,
        "canGive": false,
        "stackable": false,
        "quantity": 1,
        "decrementQuantityOnUse": true,
        "activeStatus": false,
        "alreadyUsed": false
      },
      "usedOn": {
        "objectUse": "",
        "actionUse1": "",
        "actionUse2": "",
        "objectUseWith1": "",
        "npcUseWith1": "",
        "actionUseWith11": "",
        "actionUseWith12": "",
        "useTogetherLocation": "",
        "npcGiveTo": "",
        "actionGive1": "",
        "actionGive2": "",
        "actionPickUp": "",
        "actionCanPickUpButNotYet": "showDialogueDisgustedToPickUpPoo"
      },
      "objectPlacementLocation": "largePileOfPoo",
      "activeSpriteUrl": "s1",
      "spriteUrl": {
        "s1": "./resources/objects/images/blank.png"
      },
      "visualAnimatedStateOffsets": {
        "s1": {
          "x": 0,
          "y": 0
        },
        "s2": {
          "x": 0,
          "y": 0
        }
      },
      "inventoryUrl": "",
      "gridPosition": {
        "x": 20,
        "y": 30
      },
      "offset": {
        "x": 0,
        "y": 0
      },
      "visualPosition": {
        "x": 0,
        "y": 0
      },
      "dimensions": {
        "originalWidth": 42,
        "originalHeight": 17,
        "width": 0,
        "height": 0
      },
      "comment": "Big Pile Of Poo!"
    },
    "objectBrokenFenceFarmTrack": {
      "name": {
        "en": "Broken Fence",
        "es": "Valla Rota",
        "de": "Gebrochener Zaun",
        "it": "Recinto Rotto",
        "fr": "Clôture Cassée"
      },
      "canMove": false,
      "measureMovementYOffset": 0,
      "activeMoveSequence": 0,
      "waypoints": {},
      "interactable": {
        "specialNpcObjectStandIn": false,
        "canHover": true,
        "canPush": false,
        "canPull": false,
        "canOpen": false,
        "canPickUp": false,
        "canPickUpNow": true,
        "canUse": false,
        "canUseWith": false,
        "canGive": false,
        "stackable": false,
        "quantity": 1,
        "decrementQuantityOnUse": true,
        "activeStatus": false,
        "alreadyUsed": false
      },
      "usedOn": {
        "objectUse": "",
        "actionUse1": "",
        "actionUse2": "",
        "objectUseWith1": "",
        "npcUseWith1": "",
        "actionUseWith11": "",
        "actionUseWith12": "",
        "useTogetherLocation": "",
        "npcGiveTo": "",
        "actionGive1": "",
        "actionGive2": "",
        "actionPickUp": "",
        "actionCanPickUpButNotYet": ""
      },
      "objectPlacementLocation": "cowPath",
      "activeSpriteUrl": "s1",
      "spriteUrl": {
        "s1": "./resources/objects/images/blank.png"
      },
      "visualAnimatedStateOffsets": {
        "s1": {
          "x": 0,
          "y": 0
        },
        "s2": {
          "x": 0,
          "y": 0
        }
      },
      "inventoryUrl": "",
      "gridPosition": {
        "x": 15,
        "y": 36
      },
      "offset": {
        "x": 0,
        "y": 0
      },
      "visualPosition": {
        "x": 0,
        "y": 0
      },
      "dimensions": {
        "originalWidth": 10,
        "originalHeight": 8,
        "width": 0,
        "height": 0
      },
      "comment": "Broken fence before farmer and cow appear"
    }
  }
}