{
  "en": {
    "ui": {
      "newGame": "New Game",
      "clickAgainToStartNewGame": "Click again to start a New Game...",
      "loadGame": "Load Game",
      "saveGame": "Save Game",
      "help": "Help",
      "resumeGame": "Resume Game",
      "pause": "Pause",
      "menuTitle": "Menu",
      "begin": "Start!",
      "copyButton": "Copy",
      "importFromFileButton": "Import From File",
      "loadButton": "Load",
      "closeButton": "Close",
      "headerStringSave": "Copy This String To A Text File:",
      "headerStringLoad": "Paste String Below and click Load:",
      "textAreaLabel": "Paste Save String Here..."
    },
    "verbsActionsInteraction": {
      "verbLookAt": "Look At",
      "verbPickUp": "Pick Up",
      "verbUse": "Use",
      "verbOpen": "Open",
      "verbClose": "Close",
      "verbPush": "Push",
      "verbPull": "Pull",
      "verbTalkTo": "Talk To",
      "verbGive": "Give",
      "interactionWalkTo": "Walk To",
      "interactionWalking": "Walking",
      "interactionWalkingTo": "Walking To",
      "interactionTalkTo": "Talk To",
      "interactionTalkingTo": "Talking To",
      "interactionLookAt": "Look At",
      "interactionLookingAt": "Looking At",
      "interactionPickUp": "Pick Up",
      "interactionPickingUp": "Picking Up",
      "interactionUse": "Use",
      "interactionUsing": "Using",
      "interactionOpen": "Open",
      "interactionOpening": "Opening",
      "interactionClose": "Close",
      "interactionClosing": "Closing",
      "interactionPush": "Push",
      "interactionPushing": "Pushing",
      "interactionPull": "Pull",
      "interactionPulling": "Pulling",
      "interactionGive": "Give",
      "interactionGiving": "Giving",
      "interactionWith": "With",
      "interactionTo": "To"
    },
    "dialogue": {
      "welcome": "Welcome to the adventure!",
      "exit": "Are you sure you want to exit?",
      "helpPrompt": "Here are some tips to get you started..."
    }
  },
  "es": {
    "ui": {
      "newGame": "Nuevo Juego",
      "clickAgainToStartNewGame": "Haz Clic de Nuevo Para Empezar un Nuevo Juego...",
      "loadGame": "Cargar Juego",
      "saveGame": "Guardar Juego",
      "help": "Ayuda",
      "resumeGame": "Reanudar Juego",
      "pause": "Pausa",
      "menuTitle": "Menú",
      "begin": "¡Comienza!",
      "copyButton": "Copiar",
      "importFromFileButton": "Importar desde Archivo",
      "loadButton": "Cargar",
      "closeButton": "Cerrar",
      "headerStringSave": "Copiar esta cadena a un archivo de texto:",
      "headerStringLoad": "Pega la cadena a continuación y haz clic en Cargar:",
      "textAreaLabel": "Pega la cadena de guardado aquí..."
    },
    "verbsActionsInteraction": {
      "verbLookAt": "Mirar",
      "verbPickUp": "Recoger",
      "verbUse": "Usar",
      "verbOpen": "Abrir",
      "verbClose": "Cerrar",
      "verbPush": "Empujar",
      "verbPull": "Tirar",
      "verbTalkTo": "Hablar con",
      "verbGive": "Dar",
      "interactionWalkTo": "Caminar a",
      "interactionWalking": "Caminando",
      "interactionWalkingTo": "Caminando a",
      "interactionTalkTo": "Hablar con",
      "interactionTalkingTo": "Hablando con",
      "interactionLookAt": "Mirar",
      "interactionLookingAt": "Mirando",
      "interactionPickUp": "Recoger",
      "interactionPickingUp": "Recogiendo",
      "interactionUse": "Usar",
      "interactionUsing": "Usando",
      "interactionOpen": "Abrir",
      "interactionOpening": "Abriendo",
      "interactionClose": "Cerrar",
      "interactionClosing": "Cerrando",
      "interactionPush": "Empujar",
      "interactionPushing": "Empujando",
      "interactionPull": "Tirar",
      "interactionPulling": "Tirando",
      "interactionGive": "Dar",
      "interactionGiving": "Dando",
      "interactionWith": "Con",
      "interactionTo": "A"
    },
    "dialogue": {
      "welcome": "¡Bienvenido a la aventura!",
      "exit": "¿Estás seguro de que quieres salir?",
      "helpPrompt": "Aquí tienes algunos consejos para empezar..."
    }
  },
  "de": {
    "ui": {
      "newGame": "Neues Spiel",
      "clickAgainToStartNewGame": "Klicken Sie erneut, um ein neues Spiel zu starten...",
      "loadGame": "Spiel laden",
      "saveGame": "Spiel speichern",
      "help": "Hilfe",
      "resumeGame": "Spiel fortsetzen",
      "pause": "Pause",
      "menuTitle": "Menü",
      "begin": "Starten!",
      "copyButton": "Kopieren",
      "importFromFileButton": "Aus Datei importieren",
      "loadButton": "Laden",
      "closeButton": "Schließen",
      "headerStringSave": "Kopiere diesen String in eine Textdatei:",
      "headerStringLoad": "Fügen Sie den String unten ein und klicken Sie auf Laden:",
      "textAreaLabel": "Speicher-String hier einfügen..."
    },
    "verbsActionsInteraction": {
      "verbLookAt": "Ansehen",
      "verbPickUp": "Aufheben",
      "verbUse": "Benutzen",
      "verbOpen": "Öffnen",
      "verbClose": "Schließen",
      "verbPush": "Drücken",
      "verbPull": "Ziehen",
      "verbTalkTo": "Sprechen mit",
      "verbGive": "Geben",
      "interactionWalkTo": "Gehe zu",
      "interactionWalking": "Gehen",
      "interactionWalkingTo": "Gehen zu",
      "interactionTalkTo": "Sprechen mit",
      "interactionTalkingTo": "Sprechen mit",
      "interactionLookAt": "Ansehen",
      "interactionLookingAt": "Ansehen",
      "interactionPickUp": "Aufheben",
      "interactionPickingUp": "Aufheben",
      "interactionUse": "Benutzen",
      "interactionUsing": "Benutzen",
      "interactionOpen": "Öffnen",
      "interactionOpening": "Öffnen",
      "interactionClose": "Schließen",
      "interactionClosing": "Schließen",
      "interactionPush": "Drücken",
      "interactionPushing": "Drücken",
      "interactionPull": "Ziehen",
      "interactionPulling": "Ziehen",
      "interactionGive": "Geben",
      "interactionGiving": "Geben",
      "interactionWith": "Mit",
      "interactionTo": "Zu"
    },
    "dialogue": {
      "welcome": "Willkommen im Abenteuer!",
      "exit": "Sind Sie sicher, dass Sie beenden möchten?",
      "helpPrompt": "Hier sind einige Tipps, um Ihnen den Einstieg zu erleichtern..."
    }
  },
  "it": {
    "ui": {
      "newGame": "Nuovo gioco",
      "clickAgainToStartNewGame": "Clicca di nuovo per iniziare un nuovo gioco...",
      "loadGame": "Carica gioco",
      "saveGame": "Salva gioco",
      "help": "Aiuto",
      "resumeGame": "Riprendi gioco",
      "pause": "Pausa",
      "menuTitle": "Menu",
      "begin": "Inizia!",
      "copyButton": "Copia",
      "importFromFileButton": "Importa da File",
      "loadButton": "Carica",
      "closeButton": "Chiudi",
      "headerStringSave": "Copia questa stringa in un file di testo:",
      "headerStringLoad": "Incolla la stringa qui sotto e clicca Carica:",
      "textAreaLabel": "Incolla qui la stringa di salvataggio..."
    },
    "verbsActionsInteraction": {
      "verbLookAt": "Guarda",
      "verbPickUp": "Raccogli",
      "verbUse": "Usa",
      "verbOpen": "Apri",
      "verbClose": "Chiudi",
      "verbPush": "Spingi",
      "verbPull": "Tira",
      "verbTalkTo": "Parla con",
      "verbGive": "Dai",
      "interactionWalkTo": "Camminare a",
      "interactionWalking": "Camminando",
      "interactionWalkingTo": "Camminando a",
      "interactionTalkTo": "Parla con",
      "interactionTalkingTo": "Parlando con",
      "interactionLookAt": "Guarda",
      "interactionLookingAt": "Guardando",
      "interactionPickUp": "Raccogli",
      "interactionPickingUp": "Raccogliendo",
      "interactionUse": "Usa",
      "interactionUsing": "Usando",
      "interactionOpen": "Apri",
      "interactionOpening": "Aprendo",
      "interactionClose": "Chiudi",
      "interactionClosing": "Chiudendo",
      "interactionPush": "Spingi",
      "interactionPushing": "Spingendo",
      "interactionPull": "Tira",
      "interactionPulling": "Tirando",
      "interactionGive": "Dai",
      "interactionGiving": "Dando",
      "interactionWith": "Con",
      "interactionTo": "A"
    },
    "dialogue": {
      "welcome": "Benvenuto nell'avventura!",
      "exit": "Sei sicuro di voler uscire?",
      "helpPrompt": "Ecco alcuni suggerimenti per iniziare..."
    }
  },
  "fr": {
    "ui": {
      "newGame": "Nouveau jeu",
      "clickAgainToStartNewGame": "Cliquez à nouveau pour commencer un nouveau jeu...",
      "loadGame": "Charger le jeu",
      "saveGame": "Sauvegarder le jeu",
      "help": "Aide",
      "resumeGame": "Reprendre le jeu",
      "pause": "Pause",
      "menuTitle": "Menu",
      "begin": "Commencez!",
      "copyButton": "Copier",
      "importFromFileButton": "Importer depuis un fichier",
      "loadButton": "Charger",
      "closeButton": "Fermer",
      "headerStringSave": "Copiez cette chaîne dans un fichier texte :",
      "headerStringLoad": "Collez la chaîne ci-dessous et cliquez sur Charger :",
      "textAreaLabel": "Collez la chaîne de sauvegarde ici..."
    },
    "verbsActionsInteraction": {
      "verbLookAt": "Regarder",
      "verbPickUp": "Prendre",
      "verbUse": "Utiliser",
      "verbOpen": "Ouvrir",
      "verbClose": "Fermer",
      "verbPush": "Pousser",
      "verbPull": "Tirer",
      "verbTalkTo": "Parler à",
      "verbGive": "Donner",
      "interactionWalkTo": "Marcher vers",
      "interactionWalking": "Marcher",
      "interactionWalkingTo": "Marchant vers",
      "interactionTalkTo": "Parler à",
      "interactionTalkingTo": "Parlant à",
      "interactionLookAt": "Regarder",
      "interactionLookingAt": "Regardant",
      "interactionPickUp": "Prendre",
      "interactionPickingUp": "Prenant",
      "interactionUse": "Utiliser",
      "interactionUsing": "Utilisant",
      "interactionOpen": "Ouvrir",
      "interactionOpening": "Ouvrant",
      "interactionClose": "Fermer",
      "interactionClosing": "Fermant",
      "interactionPush": "Pousser",
      "interactionPushing": "Poussant",
      "interactionPull": "Tirer",
      "interactionPulling": "Tirant",
      "interactionGive": "Donner",
      "interactionGiving": "Donnant",
      "interactionWith": "Avec",
      "interactionTo": "À"
    },
    "dialogue": {
      "welcome": "Bienvenue dans l'aventure!",
      "exit": "Êtes-vous sûr de vouloir quitter?",
      "helpPrompt": "Voici quelques conseils pour vous aider à commencer..."
    }
  }
}

