{
    "debugRoom": {
        "en": "DEBUG",
        "es": "DEBUG",
        "de": "DEBUG",
        "it": "DEBUG",
        "fr": "DEBUG",
        "bgUrl": "./resources/backgrounds/debugRoom.png",
        "alreadyVisited": false,
        "screenTilesWidebgImg": 1,
        "scalingPlayerSize": 1,
        "exits": {
            "e1": {
                "connectsTo": "libraryFoyerDebug",
                "status": "locked",
                "startPosition": { "x": 33, "y": 51 },
                "finalPosition": { "x": 33, "y": 51 },
                "xPosCameraEnterHere": 0,
                "yPosCameraEnterHere": 0
            }
        }
    },
    "libraryFoyer": {
        "en": "Library Foyer",
        "es": "Vestíbulo de la Biblioteca",
        "de": "Bibliotheksfoyer",
        "it": "Foyer della Biblioteca",
        "fr": "Foyer de la Bibliothèque",
        "bgUrl": "./resources/backgrounds/libraryFoyer.png",
        "alreadyVisited": false,
        "screenTilesWidebgImg": 1,
        "scalingPlayerSize": 1,
        "exits": {
            "e1": {
                "connectsTo": "researchRoom",
                "status": "locked",
                "startPosition": { "x": 42, "y": 56 },
                "finalPosition": { "x": 40, "y": 50 },
                "xPosCameraEnterHere": 0,
                "yPosCameraEnterHere": 0
            },
            "e2": {
                "connectsTo": "marketStreet",
                "status": "open",
                "startPosition": { "x": 26, "y": 54 },
                "finalPosition": { "x": 36, "y": 54 },
                "xPosCameraEnterHere": 0,
                "yPosCameraEnterHere": 0
            }
        }
    },
    "marketStreet": {
        "en": "Market Street",
        "es": "Calle del Mercado",
        "de": "Marktstraße",
        "it": "Via del Mercato",
        "fr": "Rue du Marché",
        "bgUrl": "./resources/backgrounds/marketStreet.png",
        "alreadyVisited": false,
        "screenTilesWidebgImg": 1,
        "scalingPlayerSize": 1,
        "exits": {
            "e1": {
                "connectsTo": "roadIntoTown",
                "status": "open",
                "startPosition": { "x": 35, "y": 55 },
                "finalPosition": { "x": 38, "y": 45 },
                "xPosCameraEnterHere": 0,
                "yPosCameraEnterHere": 0
            },
            "e2": {
                "connectsTo": "seedyGuyAlley",
                "status": "open",
                "startPosition": { "x": 40, "y": 58 },
                "finalPosition": { "x": 46, "y": 45 },
                "xPosCameraEnterHere": 0,
                "yPosCameraEnterHere": 0
            },
            "e3": {
                "connectsTo": "carpenter",
                "status": "open",
                "startPosition": { "x": 25, "y": 56 },
                "finalPosition": { "x": 21, "y": 49 },
                "xPosCameraEnterHere": 0,
                "yPosCameraEnterHere": 0
            },
            "e4": {
                "connectsTo": "libraryFoyer",
                "status": "open",
                "startPosition": { "x": 45, "y": 56 },
                "finalPosition": { "x": 43, "y": 48 },
                "xPosCameraEnterHere": 0,
                "yPosCameraEnterHere": 0
            },
            "e5": {
                "connectsTo": "cowPath",
                "status": "open",
                "startPosition": { "x": 28, "y": 45 },
                "finalPosition": { "x": 32, "y": 35 },
                "xPosCameraEnterHere": 0,
                "yPosCameraEnterHere": 0
            }
        }
    },
    "researchRoom": {
        "en": "Research Room",
        "es": "Sala de Investigación",
        "de": "Forschungsraum",
        "it": "Sala di Ricerca",
        "fr": "Salle de Recherche",
        "bgUrl": "./resources/backgrounds/researchRoom.png",
        "alreadyVisited": false,
        "screenTilesWidebgImg": 1,
        "scalingPlayerSize": 1.7,
        "exits": {
            "e1": {
                "connectsTo": "libraryFoyer",
                "status": "open",
                "startPosition": { "x": 38, "y": 47 },
                "finalPosition": { "x": 43, "y": 48 },
                "xPosCameraEnterHere": 0,
                "yPosCameraEnterHere": 0
            }
        }
    },
    "seedyGuyAlley": {
        "en": "Seedy Guy Alley",
        "es": "Calle del Tipo Sórdido",
        "de": "Gasse des schäbigen Mannes",
        "it": "Vicolo del Tizio Squallido",
        "fr": "Allée du Type Louche",
        "bgUrl": "./resources/backgrounds/seedyGuyAlley.png",
        "alreadyVisited": false,
        "screenTilesWidebgImg": 1,
        "scalingPlayerSize": 1,
        "exits": {
            "e1": {
                "connectsTo": "den",
                "status": "locked",
                "startPosition": { "x": 38, "y": 51 },
                "finalPosition": { "x": 36, "y": 57 },
                "xPosCameraEnterHere": 0,
                "yPosCameraEnterHere": 0
            },
            "e2": {
                "connectsTo": "marketStreet",
                "status": "open",
                "startPosition": { "x": 59, "y": 42 },
                "finalPosition": { "x": 58, "y": 45 },
                "xPosCameraEnterHere": 0,
                "yPosCameraEnterHere": 0
            }
        }
    },
    "carpenter": {
        "en": "Carpenter Workshop",
        "es": "Taller",
        "de": "Schreinerei",
        "it": "Laboratorio",
        "fr": "Atelier",
        "bgUrl": "./resources/backgrounds/carpenter.png",
        "alreadyVisited": false,
        "screenTilesWidebgImg": 1,
        "scalingPlayerSize": 2,
        "exits": {
            "e1": {
                "connectsTo": "marketStreet",
                "status": "open",
                "startPosition": { "x": 37, "y": 43 },
                "finalPosition": { "x": 35, "y": 49 },
                "xPosCameraEnterHere": 0,
                "yPosCameraEnterHere": 0
            }
        }
    },
    "den": {
        "en": "Den",
        "es": "Guarida",
        "de": "Höhle",
        "it": "Tana",
        "fr": "Cachette",
        "bgUrl": "./resources/backgrounds/den.png",
        "alreadyVisited": false,
        "screenTilesWidebgImg": 1,
        "scalingPlayerSize": 1,
        "exits": {
            "e1": {
                "connectsTo": "seedyGuyAlley",
                "status": "open",
                "startPosition": { "x": 45, "y": 39 },
                "finalPosition": { "x": 42, "y": 47 },
                "xPosCameraEnterHere": 0,
                "yPosCameraEnterHere": 0
            }
        }
    },
    "house": {
        "en": "House",
        "es": "Casa",
        "de": "Haus",
        "it": "Casa",
        "fr": "Maison",
        "bgUrl": "./resources/backgrounds/house.png",
        "alreadyVisited": false,
        "screenTilesWidebgImg": 1,
        "scalingPlayerSize": 1,
        "exits": {
            "e1": {
                "connectsTo": "sewer",
                "status": "open",
                "startPosition": { "x": 30, "y": 15 },
                "finalPosition": { "x": 30, "y": 25 },
                "xPosCameraEnterHere": 0,
                "yPosCameraEnterHere": 0
            },
            "e2": {
                "connectsTo": "cowPath",
                "status": "open",
                "startPosition": { "x": 49, "y": 30 },
                "finalPosition": { "x": 48, "y": 35 },
                "xPosCameraEnterHere": 0,
                "yPosCameraEnterHere": 0
            }
        }
    },
    "sewer": {
        "en": "Sewer",
        "es": "Alcantarilla",
        "de": "Kanalisation",
        "it": "Fognatura",
        "fr": "Égout",
        "bgUrl": "./resources/backgrounds/sewer.png",
        "alreadyVisited": false,
        "screenTilesWidebgImg": 1,
        "scalingPlayerSize": 2,
        "exits": {
            "e1": {
                "connectsTo": "house",
                "status": "open",
                "startPosition": { "x": 69, "y": 54 },
                "finalPosition": { "x": 65, "y": 54 },
                "xPosCameraEnterHere": 0,
                "yPosCameraEnterHere": 0
            },
            "e2": {
                "connectsTo": "kitchen",
                "status": "open",
                "startPosition": { "x": 25, "y": 55 },
                "finalPosition": { "x": 15, "y": 45 },
                "xPosCameraEnterHere": 0,
                "yPosCameraEnterHere": 0
            }
        }
    },"kitchen": {
        "en": "Kitchen",
        "es": "Cocina",
        "de": "Küche",
        "it": "Cucina",
        "fr": "Cuisine",
        "bgUrl": "./resources/backgrounds/kitchen.png",
        "alreadyVisited": false,
        "screenTilesWidebgImg": 1,
        "scalingPlayerSize": 2,
        "exits": {
            "e1": {
                "connectsTo": "sewer",
                "status": "open",
                "startPosition": { "x": 61, "y": 10 },
                "finalPosition": { "x": 61, "y": 20 },
                "xPosCameraEnterHere": 0,
                "yPosCameraEnterHere": 0
            }
        }
    },
    "barn": {
        "en": "Barn",
        "es": "Establo",
        "de": "Scheune",
        "it": "Fienile",
        "fr": "Grange",
        "bgUrl": "./resources/backgrounds/barn.png",
        "alreadyVisited": false,
        "screenTilesWidebgImg": 1,
        "scalingPlayerSize": 1,
        "exits": {
            "e1": {
                "connectsTo": "stables",
                "status": "open",
                "startPosition": { "x": 39, "y": 51 },
                "finalPosition": { "x": 45, "y": 55 },
                "xPosCameraEnterHere": 0,
                "yPosCameraEnterHere": 0
            }
        }
    },
    "bigTree": {
        "en": "Big Tree",
        "es": "Gran Árbol",
        "de": "Großer Baum",
        "it": "Grande Albero",
        "fr": "Grand Arbre",
        "bgUrl": "./resources/backgrounds/bigTree.png",
        "alreadyVisited": false,
        "screenTilesWidebgImg": 1,
        "scalingPlayerSize": 1.7,
        "exits": {
            "e1": {
                "connectsTo": "stables",
                "status": "open",
                "startPosition": { "x": 14, "y": 54 },
                "finalPosition": { "x": 24, "y": 50 },
                "xPosCameraEnterHere": 0,
                "yPosCameraEnterHere": 0
            },
            "e2": {
                "connectsTo": "roadIntoTown",
                "status": "open",
                "startPosition": { "x": 66, "y": 39 },
                "finalPosition": { "x": 57, "y": 42 },
                "xPosCameraEnterHere": 0,
                "yPosCameraEnterHere": 0
            }
        }
    },
    "cowPath": {
        "en": "Farm Track", 
        "es": "Camino a la Granja",
        "de": "Weg zum Bauernhof",
        "it": "Strada verso la Fattoria",
        "fr": "Route vers la Ferme",
        "bgUrl": "./resources/backgrounds/cowPathBrokenFence.png",
        "alreadyVisited": false,
        "screenTilesWidebgImg": 1,
        "scalingPlayerSize": 0.9,
        "exits": {
            "e1": {
                "connectsTo": "house",
                "status": "open",
                "startPosition": { "x": 29, "y": 57 },
                "finalPosition": { "x": 27, "y": 54 },
                "xPosCameraEnterHere": 0,
                "yPosCameraEnterHere": 0
            },
            "e2": {
                "connectsTo": "stables",
                "status": "open",
                "startPosition": { "x": 72, "y": 54 },
                "finalPosition": { "x": 63, "y": 54 },
                "xPosCameraEnterHere": 0,
                "yPosCameraEnterHere": 0
            },
            "e3": {
                "connectsTo": "marketStreet",
                "status": "open",
                "startPosition": { "x": 74, "y": 46 },
                "finalPosition": { "x": 70, "y": 42 },
                "xPosCameraEnterHere": 0,
                "yPosCameraEnterHere": 0
            }
        }
    },
    "roadIntoTown": {
        "en": "Road Into Town",
        "es": "Camino a la Ciudad",
        "de": "Weg in die Stadt",
        "it": "Strada verso la Città",
        "fr": "Route vers la Ville",
        "bgUrl": "./resources/backgrounds/roadIntoTown.png",
        "alreadyVisited": false,
        "screenTilesWidebgImg": 1,
        "scalingPlayerSize": 1,
        "exits": {
            "e1": {
                "connectsTo": "riverCrossing",
                "status": "open",
                "startPosition": { "x": 73, "y": 49 },
                "finalPosition": { "x": 64, "y": 49 },
                "xPosCameraEnterHere": 0,
                "yPosCameraEnterHere": 0
            },
            "e2": {
                "connectsTo": "stinkingDump",
                "status": "open",
                "startPosition": { "x": 30, "y": 55 },
                "finalPosition": { "x": 28, "y": 46 },
                "xPosCameraEnterHere": 0,
                "yPosCameraEnterHere": 0
            },
            "e3": {
                "connectsTo": "bigTree",
                "status": "open",
                "startPosition": { "x": 3, "y": 53 },
                "finalPosition": { "x": 13, "y": 54 },
                "xPosCameraEnterHere": 0,
                "yPosCameraEnterHere": 0
            },
            "e4": {
                "connectsTo": "marketStreet",
                "status": "open",
                "startPosition": { "x": 47, "y": 41 },
                "finalPosition": { "x": 43, "y": 45 },
                "xPosCameraEnterHere": 0,
                "yPosCameraEnterHere": 0
            }
        }
    },

    "stinkingDump": {
        "en": "Stinking Dump",
        "es": "Vertedero Apestoso",
        "de": "Stinkende Müllhalde",
        "it": "Discarica Puzzolente",
        "fr": "Décharge Malodorante",
        "bgUrl": "./resources/backgrounds/stinkingDump.png",
        "alreadyVisited": false,
        "screenTilesWidebgImg": 1,
        "scalingPlayerSize": 1,
        "exits": {
            "e1": {
                "connectsTo": "largePileOfPoo",
                "status": "open",
                "startPosition": { "x": 72, "y": 48 },
                "finalPosition": { "x": 65, "y": 55 },
                "xPosCameraEnterHere": 0,
                "yPosCameraEnterHere": 0
            },
            "e2": {
                "connectsTo": "roadIntoTown",
                "status": "open",
                "startPosition": { "x": 20, "y": 40 },
                "finalPosition": { "x": 30, "y": 38 },
                "xPosCameraEnterHere": 0,
                "yPosCameraEnterHere": 0
            }
        }
    },
    "largePileOfPoo": {
        "en": "Large Pile of Poo",
        "es": "Gran Montón de Excremento",
        "de": "Großer Haufen Kot",
        "it": "Grande Pila di Feci",
        "fr": "Grande Tas de Crottes",
        "bgUrl": "./resources/backgrounds/largePileOfPoo.png",
        "alreadyVisited": false,
        "screenTilesWidebgImg": 1,
        "scalingPlayerSize": 1,
        "exits": {
            "e1": {
                "connectsTo": "stinkingDump",
                "status": "open",
                "startPosition": { "x": 32, "y": 37 },
                "finalPosition": { "x": 29, "y": 41 },
                "xPosCameraEnterHere": 0,
                "yPosCameraEnterHere": 0
            }
        }
    },
    "riverCrossing": {
        "en": "River Crossing",
        "es": "Cruce de Río",
        "de": "Flussüberquerung",
        "it": "Attraversamento del Fiume",
        "fr": "Traversée de la Rivière",
        "bgUrl": "./resources/backgrounds/riverCrossing.png",
        "alreadyVisited": false,
        "screenTilesWidebgImg": 1,
        "scalingPlayerSize": 1,
        "exits": {
            "e1": {
                "connectsTo": "map",
                "status": "locked",
                "startPosition": { "x": 0, "y": 0 },
                "finalPosition": { "x": 0, "y": 0 },
                "xPosCameraEnterHere": 0,
                "yPosCameraEnterHere": 0
            },
            "e2": {
                "connectsTo": "roadIntoTown",
                "status": "open",
                "startPosition": { "x": 45, "y": 27 },
                "finalPosition": { "x": 42, "y": 31 },
                "xPosCameraEnterHere": 0,
                "yPosCameraEnterHere": 0
            }
        }
    },
    "map": {
        "en": "Map",
        "es": "Mapa",
        "de": "Karte",
        "it": "Mappa",
        "fr": "Carte",
        "bgUrl": "./resources/backgrounds/map.png",
        "alreadyVisited": false,
        "screenTilesWidebgImg": 1,
        "scalingPlayerSize": 1,
        "exits": {
            "e1": {
                "connectsTo": "riverCrossing",
                "status": "open",
                "startPosition": { "x": 0, "y": 0 },
                "finalPosition": { "x": 0, "y": 0 },
                "xPosCameraEnterHere": 0,
                "yPosCameraEnterHere": 0
            }
        }
    },
    "stables": {
        "en": "Stables",
        "es": "Establo",
        "de": "Stall",
        "it": "Stalla",
        "fr": "Écurie",
        "bgUrl": "./resources/backgrounds/stables.png",
        "alreadyVisited": false,
        "screenTilesWidebgImg": 1,
        "scalingPlayerSize": 1,
        "exits": {
            "e1": {
                "connectsTo": "barn",
                "status": "locked",
                "startPosition": { "x": 33, "y": 44 },
                "finalPosition": { "x": 31, "y": 50 },
                "xPosCameraEnterHere": 0,
                "yPosCameraEnterHere": 0
            },
            "e2": {
                "connectsTo": "bigTree",
                "status": "open",
                "startPosition": { "x": 70, "y": 52 },
                "finalPosition": { "x": 60, "y": 54 },
                "xPosCameraEnterHere": 0,
                "yPosCameraEnterHere": 0
            },
            "e3": {
                "connectsTo": "cowPath",
                "status": "open",
                "startPosition": { "x": 36, "y": 27 },
                "finalPosition": { "x": 48, "y": 35 },
                "xPosCameraEnterHere": 0,
                "yPosCameraEnterHere": 0
            }
        }
    }
}
